Victim Count,Crime,Victim Race,Victim Sex,Area,Age,Sex,Race,Method
1,Murder,White,Female,Adabar,36,Male,White,Firing Squad
1,Murder,Asian,Male,Adabar,30,Male,White,Electrocution
1,Murder,White,Female,Adabar,46,Male,White,Gas Chamber
4,Murder,White,Male,Adabar,24,Male,White,Electrocution
1,Murder,White,Male,Adabar,38,Male,White,Electrocution
1,Murder,White,Male,Adabar,40,Male,Black,Firing Squad
1,Murder,Black,Male,Adabar,33,Male,White,Firing Squad
1,Murder,White,Male,Adabar,34,Male,White,Firing Squad
1,Murder,Asian,Female,Adabar,36,Male,White,Firing Squad
1,Murder,White,Female,Adabar,31,Male,Black,Firing Squad
2,Murder,White,Female,Adabar,53,Male,White,Firing Squad
1,Murder,Black,Male,Adabar,66,Male,White,Firing Squad
1,Murder,White,Male,Adabar,30,Male,Black,Firing Squad
1,Murder,Black,Male,Adabar,29,Male,White,Firing Squad
2,Murder,Black,Female,Adabar,54,Male,White,Firing Squad
1,Murder,White,Male,Adabar,39,Male,White,Firing Squad
1,Murder,White,Male,Adabar,30,Male,White,Knife
2,Murder,White,Female,Adabar,35,Male,White,Knife
1,Murder,White,Female,Adabar,47,Male,Black,Knife
1,Murder,Black,Female,Adabar,30,Male,White,Knife
1,Murder,White,Male,Adabar,28,Male,Black,Knife
3,Murder,White,Female,Adabar,34,Male,Black,Knife
1,Murder,White,Female,Adabar,46,Male,White,Knife
1,Murder,White,Male,Adabar,46,Male,White,Knife
1,Murder,Latino,Male,Adabar,34,Male,Black,Knife
1,Murder,White,Male,Adabar,30,Male,Black,Knife
1,Murder,Black,Male,Adabar,38,Male,Black,Knife
1,Murder,White,Male,Adabar,39,Male,White,Electrocution
1,Murder,White,Male,Adabar,52,Female,White,Electrocution
1,Murder,White,Female,Adabar,37,Male,White,Electrocution
1,Murder,Black,Male,Adabar,39,Male,Black,Electrocution
1,Murder,White,Male,Adabar,26,Male,White,Electrocution
4,Murder,Latino,Female,Adabar,32,Male,White,Electrocution
1,Murder,White,Male,Adabar,28,Male,Black,Electrocution
2,Murder,White,Female,Adabar,29,Male,White,Electrocution
1,Murder,White,Male,Adabar,48,Male,White,Firing Squad
1,Murder,White,Female,Adabar,33,Male,White,Firing Squad
1,Murder,Black,Female,Adabar,41,Male,Black,Firing Squad
1,Murder,White,Female,Adabar,41,Male,White,Firing Squad
1,Murder,White,Female,Adabar,37,Male,White,Firing Squad
3,Murder,White,Female,Adabar,28,Male,Black,Electrocution
2,Murder,White,Female,Adabar,28,Male,Black,Electrocution
1,Murder,Latino,Male,Adabar,24,Male,Latino,Firing Squad
6,Murder,White,Female,Adabar,39,Male,Black,Electrocution
1,Murder,Latino,Male,Adabar,34,Male,Black,Firing Squad
1,Murder,White,Female,Adabar,32,Male,Black,Electrocution
1,Murder,Black,Male,Adabar,43,Male,Latino,Firing Squad
1,Murder,White,Male,Adabar,28,Male,White,Firing Squad
1,Murder,White,Female,Adabar,37,Male,White,Firing Squad
1,Murder,Black,Male,Adabar,47,Male,White,Firing Squad
2,Murder,White,Female,Adabar,25,Male,White,Firing Squad
1,Murder,Black,Female,Adabar,29,Male,White,Firing Squad
1,Murder,Black,Male,Adabar,47,Male,Black,Firing Squad
1,Murder,White,Female,Adabar,37,Male,Black,Firing Squad
1,Murder,White,Male,Adabar,28,Male,White,Firing Squad
2,Murder,White,Female,Adabar,39,Male,Black,Electrocution
2,Murder,White,Female,Adabar,24,Male,White,Lethal Injection
1,Murder,White,Male,Adabar,42,Male,White,Electrocution
1,Murder,White,Male,Adabar,50,Male,Latino,Lethal Injection
1,Murder,White,Female,Adabar,37,Male,White,Lethal Injection
1,Murder,Black,Male,Adabar,34,Male,Black,Electrocution
1,Murder,White,Male,Adabar,40,Male,Black,Electrocution
1,Murder,White,Male,Adabar,36,Male,White,Lethal Injection
1,Murder,White,Male,Adabar,30,Male,Black,Lethal Injection
1,Murder,White,Male,Adabar,37,Male,White,Lethal Injection
1,Murder,White,Male,Adabar,27,Male,White,Lethal Injection
1,Murder,White,Male,Adabar,30,Male,Black,Lethal Injection
1,Murder,Black,Female,Adabar,25,Male,Latino,Lethal Injection
1,Murder,White,Male,Adabar,44,Male,Latino,Lethal Injection
1,Murder,White,Female,Adabar,27,Male,Latino,Lethal Injection
1,Murder,White,Male,Adabar,35,Male,Black,Electrocution
1,Murder,Latino,Male,Adabar,26,Male,Black,Gas Chamber
1,Murder,White,Female,Adabar,44,Male,Black,Electrocution
1,Murder,White,Male,Adabar,27,Male,Black,Lethal Injection
1,Murder,White,Female,Adabar,31,Male,White,Electrocution
1,Murder,White,Male,Adabar,31,Male,White,Electrocution
1,Murder,White,Male,Adabar,27,Male,Black,Electrocution
2,Murder,White,Male,Adabar,25,Male,White,Electrocution
2,Murder,White,Male,Adabar,35,Male,White,Electrocution
1,Murder,White,Female,Adabar,28,Male,Black,Lethal Injection
1,Murder,Black,Female,Adabar,41,Male,White,Electrocution
1,Murder,Black,Female,Adabar,27,Male,Black,Gas Chamber
1,Murder,White,Male,Adabar,32,Male,White,Lethal Injection
1,Murder,White,Female,Adabar,30,Male,Black,Electrocution
1,Murder,White,Male,Azampur,31,Male,Black,Electrocution
1,Murder,White,Male,Azampur,25,Male,White,Electrocution
1,Murder,White,Male,Azampur,36,Male,White,Electrocution
1,Murder,White,Male,Azampur,33,Male,White,Electrocution
3,Murder,White,Female,Azampur,34,Male,Black,Lethal Injection
6,Murder,White,Male,Azampur,41,Male,Black,Electrocution
1,Murder,Black,Female,Azampur,35,Male,Black,Electrocution
1,Murder,White,Male,Azampur,34,Male,White,Lethal Injection
1,Murder,White,Male,Azampur,35,Male,White,Electrocution
1,Murder,White,Female,Azampur,27,Male,White,Lethal Injection
1,Murder,Black,Female,Azampur,54,Male,Black,Electrocution
1,Murder,Black,Female,Azampur,38,Male,White,Electrocution
5,Murder,White,Female,Azampur,34,Male,Black,Electrocution
1,Murder,White,Male,Azampur,33,Male,Black,Electrocution
5,Murder,White,Female,Azampur,37,Male,White,Lethal Injection
1,Murder,White,Male,Azampur,28,Male,White,Electrocution
1,Murder,White,Male,Azampur,34,Male,White,Electrocution
1,Murder,White,Male,Azampur,37,Male,Black,Lethal Injection
1,Murder,White,Male,Azampur,33,Male,White,Electrocution
1,Murder,White,Male,Azampur,39,Male,Black,Lethal Injection
1,Murder,Black,Male,Azampur,44,Male,White,Lethal Injection
1,Murder,White,Male,Azampur,42,Male,White,Electrocution
1,Murder,White,Male,Azampur,44,Male,Black,Lethal Injection
1,Murder,White,Male,Azampur,31,Male,White,Electrocution
1,Murder,Asian,Male,Azampur,36,Male,Black,Electrocution
1,Murder,White,Female,Azampur,41,Male,White,Lethal Injection
1,Robbery,White,Female,Azampur,28,Male,Black,Firing Squad
1,Robbery,White,Male,Azampur,51,Male,White,Firing Squad
1,Robbery,White,Female,Azampur,36,Male,Black,Firing Squad
1,Robbery,White,Male,Azampur,28,Male,White,Firing Squad
1,Robbery,White,Male,Azampur,28,Male,Black,Firing Squad
1,Robbery,White,Female,Azampur,43,Male,Black,Firing Squad
1,Robbery,White,Female,Azampur,34,Male,Black,Firing Squad
1,Robbery,White,Male,Azampur,44,Male,White,Firing Squad
1,Robbery,White,Male,Azampur,43,Male,Black,Firing Squad
1,Robbery,Latino,Male,Azampur,27,Male,Latino,Firing Squad
1,Robbery,Latino,Female,Azampur,31,Male,White,Firing Squad
1,Robbery,White,Male,Azampur,54,Male,Black,Firing Squad
1,Robbery,White,Female,Azampur,35,Male,White,Firing Squad
2,Robbery,White,Female,Azampur,43,Male,White,Firing Squad
1,Robbery,White,Male,Azampur,39,Male,Black,Firing Squad
1,Robbery,White,Male,Azampur,30,Male,White,Firing Squad
2,Robbery,White,Male,Bangsal,40,Male,White,Firing Squad
1,Robbery,Latino,Male,Bangsal,30,Male,Black,Firing Squad
1,Robbery,White,Male,Bangsal,26,Male,White,Firing Squad
1,Robbery,White,Female,Bangsal,46,Male,White,Firing Squad
16,Robbery,Black,Male,Bangsal,49,Male,White,Firing Squad
1,Robbery,White,Female,Bangsal,37,Male,Black,Firing Squad
1,Robbery,White,Female,Bangsal,35,Male,Black,Firing Squad
1,Robbery,White,Female,Bangsal,33,Male,White,Firing Squad
1,Robbery,White,Male,Bangsal,27,Male,White,Firing Squad
1,Robbery,White,Female,Bangsal,38,Male,Black,Firing Squad
2,Robbery,White,Female,Bangsal,44,Male,White,Firing Squad
1,Robbery,White,Male,Bangsal,43,Male,White,Firing Squad
2,Robbery,Latino,Male,Bangsal,50,Male,White,Firing Squad
1,Robbery,Latino,Male,Bangsal,61,Male,White,Firing Squad
1,Robbery,White,Male,Bangsal,44,Male,Black,Firing Squad
1,Robbery,White,Male,Bangsal,49,Male,White,Firing Squad
1,Robbery,Black,Male,Bangsal,38,Male,White,Firing Squad
1,Robbery,White,Female,Bangsal,38,Male,Black,Firing Squad
1,Robbery,White,Female,Bangsal,32,Male,White,Firing Squad
2,Robbery,White,Female,Bangsal,59,Male,Latino,Firing Squad
1,Robbery,White,Male,Bangsal,54,Male,White,Firing Squad
1,Robbery,White,Male,Bangsal,46,Male,Black,Firing Squad
1,Robbery,White,Female,Bangsal,35,Male,Black,Firing Squad
1,Robbery,Black,Female,Bangsal,31,Male,White,Firing Squad
1,Robbery,White,Female,Bangsal,30,Male,Black,Firing Squad
4,Robbery,White,Male,Bangsal,36,Male,Black,Firing Squad
1,Robbery,Latino,Female,Bangsal,58,Male,White,Firing Squad
1,Robbery,White,Male,Bangsal,42,Male,Black,Firing Squad
1,Robbery,White,Male,Bangsal,44,Male,Black,Firing Squad
1,Robbery,White,Female,Bangsal,36,Male,White,Firing Squad
1,Robbery,Latino,Male,Bangsal,54,Male,White,Firing Squad
1,Robbery,White,Male,Bangsal,42,Male,White,Firing Squad
1,Robbery,Black,Male,Bangsal,39,Male,Latino,Firing Squad
1,Robbery,White,Male,Bangsal,40,Male,Black,Firing Squad
1,Robbery,White,Male,Bangsal,28,Male,White,Firing Squad
2,Robbery,White,Female,Bangsal,32,Male,White,Firing Squad
1,Robbery,White,Female,Bangsal,38,Male,White,Firing Squad
1,Robbery,Black,Male,Bangsal,37,Male,Black,Firing Squad
3,Robbery,White,Female,Bangsal,46,Male,White,Firing Squad
2,Robbery,White,Female,Bangsal,34,Male,White,Firing Squad
1,Robbery,White,Female,Bangsal,40,Male,White,Firing Squad
2,Robbery,White,Male,Bangsal,43,Male,White,Firing Squad
2,Robbery,White,Female,Bangsal,39,Male,White,Firing Squad
1,Robbery,White,Male,Bangsal,34,Male,Black,Firing Squad
1,Robbery,White,Female,Bangsal,46,Male,White,Firing Squad
1,Robbery,White,Female,Bangsal,25,Male,White,Firing Squad
1,Robbery,White,Male,Bangsal,43,Male,White,Firing Squad
1,Robbery,Black,Male,Bangsal,27,Male,Latino,Firing Squad
1,Robbery,White,Male,Bangsal,33,Male,White,Firing Squad
1,Robbery,White,Female,Bangsal,45,Male,White,Firing Squad
2,Robbery,White,Female,Bangsal,47,Male,Black,Firing Squad
1,Robbery,White,Female,Bangsal,34,Male,White,Firing Squad
3,Robbery,Black,Male,Bangsal,37,Male,Black,Firing Squad
1,Robbery,Black,Male,Bangsal,38,Male,Black,Firing Squad
2,Robbery,White,Male,Bangsal,34,Male,Black,Firing Squad
2,Robbery,White,Female,Bangsal,37,Male,Black,Firing Squad
1,Robbery,White,Male,Bangsal,33,Male,White,Firing Squad
2,Robbery,Latino,Male,Bangsal,34,Male,White,Firing Squad
1,Robbery,White,Male,Bangsal,37,Male,Black,Firing Squad
1,Robbery,Black,Female,Bangsal,36,Male,Black,Firing Squad
1,Robbery,White,Male,Bangsal,33,Male,White,Firing Squad
1,Robbery,White,Male,Bangsal,29,Male,Black,Firing Squad
3,Robbery,White,Female,Bangsal,31,Male,White,Firing Squad
3,Robbery,White,Male,Bangsal,39,Male,Black,Firing Squad
1,Robbery,White,Male,Bangsal,35,Male,Black,Firing Squad
1,Robbery,White,Female,Bangsal,27,Male,White,Firing Squad
1,Robbery,White,Male,Bangsal,39,Male,Native American,Firing Squad
1,Robbery,White,Female,Bangsal,41,Male,White,Firing Squad
5,Robbery,White,Male,Bangsal,36,Male,Black,Firing Squad
1,Robbery,White,Male,Bangsal,40,Male,Latino,Firing Squad
1,Robbery,White,Female,Bangsal,38,Male,Latino,Firing Squad
4,Robbery,White,Female,Bangsal,35,Male,White,Firing Squad
3,Robbery,White,Male,Bangsal,48,Male,White,Firing Squad
1,Robbery,White,Female,Bangsal,38,Male,Black,Firing Squad
1,Robbery,White,Male,Bangsal,49,Male,White,Firing Squad
1,Robbery,White,Male,Bangsal,44,Male,Latino,Firing Squad
1,Robbery,Black,Female,Bangsal,37,Male,White,Firing Squad
1,Robbery,White,Male,Bangsal,36,Male,White,Firing Squad
1,Robbery,White,Female,Bangsal,36,Male,White,Firing Squad
1,Robbery,White,Male,Bangsal,46,Male,White,Firing Squad
1,Robbery,White,Female,Bangsal,31,Male,Black,Firing Squad
1,Robbery,White,Male,Bangsal,32,Male,Black,Firing Squad
1,Robbery,White,Male,Bangsal,29,Male,Black,Firing Squad
1,Robbery,White,Male,Bangsal,32,Male,Black,Firing Squad
1,Robbery,White,Female,Bimanbandar,39,Male,White,Firing Squad
1,Robbery,White,Female,Bimanbandar,58,Male,White,Firing Squad
2,Robbery,Black,Female,Bimanbandar,34,Male,Black,Firing Squad
1,Robbery,White,Female,Bimanbandar,26,Male,Latino,Firing Squad
5,Robbery,White,Female,Bimanbandar,36,Male,White,Firing Squad
1,Robbery,Latino,Female,Bimanbandar,33,Male,White,Firing Squad
1,Robbery,White,Male,Bimanbandar,33,Male,Black,Firing Squad
1,Robbery,White,Female,Bimanbandar,29,Male,Black,Firing Squad
1,Robbery,Latino,Male,Bimanbandar,39,Male,White,Firing Squad
1,Robbery,Latino,Male,Bimanbandar,31,Male,Black,Firing Squad
1,Robbery,Latino,Male,Bimanbandar,33,Male,Black,Firing Squad
1,Rape,Latino,Female,Bimanbandar,47,Male,White,Unknown
1,Rape,White,Female,Bimanbandar,32,Male,White,Unknown
1,Rape,White,Female,Bimanbandar,33,Male,White,Unknown
1,Rape,White,Female,Bimanbandar,59,Male,Black,Unknown
1,Rape,White,Female,Bimanbandar,44,Male,White,Unknown
2,Rape,White,Male,Bimanbandar,31,Male,White,Unknown
1,Rape,White,Male,Bimanbandar,51,Male,White,Unknown
1,Rape,White,Female,Bimanbandar,32,Male,Black,Unknown
1,Rape,White,Female,Bimanbandar,45,Male,Black,Unknown
1,Rape,White,Male,Bimanbandar,33,Male,Black,Unknown
1,Rape,White,Male,Bimanbandar,38,Male,White,Unknown
1,Rape,White,Male,Bimanbandar,38,Male,White,Unknown
1,Rape,White,Female,Bimanbandar,41,Male,White,Unknown
1,Rape,Asian,Male,Bimanbandar,32,Male,Black,Unknown
1,Rape,White,Female,Bimanbandar,46,Male,Black,Unknown
12,Rape,Latino,Male,Bimanbandar,52,Male,White,Unknown
1,Rape,White,Female,Bimanbandar,39,Male,Black,Unknown
1,Rape,White,Female,Bimanbandar,50,Male,White,Unknown
1,Rape,White,Female,Bimanbandar,44,Male,White,Unknown
1,Rape,White,Female,Bimanbandar,33,Male,White,Unknown
3,Rape,White,Female,Bimanbandar,39,Male,White,Unknown
1,Rape,Latino,Female,Bimanbandar,38,Male,White,Unknown
1,Rape,White,Male,Bimanbandar,38,Male,White,Unknown
2,Rape,Black,Male,Bimanbandar,45,Male,Black,Unknown
1,Rape,White,Female,Bimanbandar,35,Male,White,Unknown
1,Rape,White,Female,Bimanbandar,37,Male,White,Unknown
1,Rape,White,Male,Bimanbandar,43,Male,White,Unknown
1,Rape,White,Male,Bimanbandar,37,Male,White,Unknown
1,Rape,White,Male,Bimanbandar,43,Male,Black,Unknown
1,Rape,White,Female,Bimanbandar,29,Male,Latino,Unknown
2,Rape,White,Female,Bimanbandar,47,Male,White,Unknown
1,Rape,White,Male,Cantonment,32,Male,Black,Unknown
1,Rape,White,Male,Cantonment,34,Male,White,Unknown
1,Rape,White,Male,Cantonment,48,Male,Black,Unknown
1,Rape,Asian,Female,Cantonment,43,Male,Black,Unknown
1,Rape,White,Female,Cantonment,53,Male,White,Unknown
1,Rape,White,Female,Cantonment,44,Male,White,Unknown
1,Rape,White,Female,Cantonment,36,Male,Latino,Unknown
1,Rape,White,Male,Cantonment,37,Male,White,Unknown
1,Rape,White,Male,Cantonment,32,Male,Black,Unknown
1,Rape,White,Female,Cantonment,33,Male,White,Unknown
1,Rape,White,Male,Cantonment,38,Male,Black,Unknown
1,Rape,White,Male,Cantonment,29,Male,White,Unknown
1,Rape,Latino,Male,Cantonment,51,Male,White,Unknown
1,Rape,White,Female,Cantonment,51,Male,Black,Unknown
1,Rape,White,Female,Cantonment,27,Male,White,Unknown
1,Rape,Black,Male,Cantonment,32,Male,White,Unknown
1,Rape,White,Male,Cantonment,40,Male,Black,Unknown
1,Rape,Black,Male,Cantonment,41,Male,White,Unknown
1,Rape,White,Male,Cantonment,41,Male,White,Unknown
1,Rape,White,Female,Cantonment,31,Male,White,Unknown
1,Rape,White,Male,Cantonment,64,Male,White,Unknown
1,Rape,White,Female,Cantonment,47,Male,Black,Unknown
1,Rape,White,Female,Cantonment,39,Male,White,Unknown
1,Rape,White,Male,Cantonment,42,Male,Black,Unknown
1,Rape,Black,Male,Cantonment,43,Male,White,Unknown
1,Rape,White,Male,Cantonment,43,Male,Black,Unknown
1,Rape,Black,Female,Cantonment,59,Male,Black,Unknown
1,Rape,White,Female,Cantonment,39,Male,White,Unknown
1,Rape,White,Male,Cantonment,37,Male,Black,Unknown
1,Rape,White,Male,Cantonment,49,Male,Black,Unknown
1,Rape,White,Male,Cantonment,34,Male,White,Unknown
1,Rape,Black,Female,Cantonment,34,Male,Black,Unknown
1,Rape,White,Female,Cantonment,40,Male,Black,Unknown
1,Rape,Black,Female,Cantonment,40,Male,Black,Unknown
1,Rape,White,Male,Cantonment,30,Male,Black,Unknown
6,Rape,Black,Male,Cantonment,43,Male,White,Unknown
4,Rape,Latino,Male,Cantonment,42,Male,White,Unknown
2,Rape,Black,Male,Cantonment,32,Male,Black,Unknown
1,Rape,White,Male,Cantonment,40,Male,White,Unknown
1,Rape,Black,Female,Cantonment,39,Male,Black,Unknown
3,Rape,White,Male,Cantonment,52,Male,White,Unknown
1,Rape,White,Male,Cantonment,39,Male,Black,Unknown
1,Rape,White,Female,Chowkbazar,41,Male,Black,Unknown
1,Rape,Black,Female,Chowkbazar,49,Male,White,Unknown
1,Rape,White,Male,Chowkbazar,40,Male,Black,Unknown
1,Rape,White,Female,Chowkbazar,58,Male,White,Unknown
2,Rape,Latino,Male,Chowkbazar,34,Male,White,Unknown
1,Rape,White,Male,Chowkbazar,54,Male,White,Unknown
1,Rape,White,Male,Chowkbazar,50,Male,White,Unknown
3,Rape,Asian,Female,Chowkbazar,38,Male,White,Unknown
1,Rape,White,Male,Chowkbazar,31,Male,Black,Unknown
1,Rape,White,Female,Chowkbazar,33,Male,White,Unknown
1,Rape,Black,Female,Chowkbazar,47,Male,White,Unknown
1,Rape,White,Female,Chowkbazar,44,Male,White,Unknown
1,Rape,Latino,Male,Chowkbazar,47,Male,Black,Unknown
1,Rape,Latino,Male,Chowkbazar,40,Male,White,Unknown
1,Rape,White,Male,Chowkbazar,44,Male,White,Unknown
1,Rape,White,Male,Chowkbazar,33,Male,Black,Unknown
2,Rape,Asian,Male,Chowkbazar,40,Male,Asian,Unknown
1,Rape,Black,Female,Chowkbazar,31,Male,Latino,Unknown
1,Rape,Black,Male,Chowkbazar,40,Male,White,Unknown
1,Rape,White,Female,Chowkbazar,34,Male,White,Unknown
1,Rape,White,Female,Chowkbazar,45,Male,Black,Unknown
2,Rape,White,Male,Chowkbazar,49,Male,White,Unknown
1,Rape,White,Female,Chowkbazar,36,Male,White,Unknown
2,Rape,Black,Male,Chowkbazar,41,Male,Black,Unknown
2,Rape,Latino,Male,Chowkbazar,38,Male,White,Unknown
1,Rape,White,Female,Chowkbazar,38,Male,Black,Unknown
1,Rape,White,Female,Chowkbazar,29,Male,White,Unknown
4,Rape,White,Male,Chowkbazar,49,Male,White,Unknown
1,Rape,White,Male,Chowkbazar,45,Male,Black,Unknown
1,Rape,White,Male,Chowkbazar,42,Male,Black,Unknown
2,Rape,White,Female,Chowkbazar,42,Male,White,Unknown
1,Rape,White,Female,Chowkbazar,48,Male,White,Unknown
2,Rape,White,Male,Chowkbazar,39,Male,White,Unknown
1,Rape,White,Female,Chowkbazar,38,Male,White,Unknown
3,Rape,White,Male,Chowkbazar,48,Male,White,Unknown
1,Rape,White,Female,Chowkbazar,51,Male,White,Unknown
1,Rape,White,Male,Chowkbazar,29,Male,White,Unknown
1,Rape,White,Male,Chowkbazar,37,Male,White,Unknown
2,Terrorism,White,Male,Chowkbazar,33,Male,White,Firing Squad
1,Terrorism,Black,Male,Chowkbazar,42,Male,Black,Firing Squad
3,Terrorism,White,Male,Chowkbazar,47,Male,White,Firing Squad
1,Terrorism,White,Female,Chowkbazar,55,Male,Native American,Firing Squad
1,Terrorism,White,Male,Demra,34,Male,Black,Firing Squad
2,Terrorism,White,Male,Demra,41,Male,White,Firing Squad
2,Terrorism,White,Female,Demra,42,Male,White,Firing Squad
2,Terrorism,White,Male,Demra,39,Male,White,Firing Squad
1,Terrorism,White,Female,Demra,45,Male,Latino,Firing Squad
3,Terrorism,White,Male,Demra,35,Male,White,Firing Squad
3,Terrorism,White,Male,Demra,56,Male,White,Firing Squad
1,Terrorism,White,Male,Demra,36,Male,Latino,Firing Squad
3,Terrorism,White,Male,Demra,44,Male,Black,Firing Squad
2,Terrorism,White,Female,Demra,47,Male,White,Firing Squad
1,Terrorism,Black,Female,Demra,38,Male,Black,Firing Squad
3,Terrorism,White,Female,Demra,45,Male,White,Firing Squad
1,Terrorism,White,Female,Demra,48,Male,White,Firing Squad
2,Terrorism,White,Male,Demra,41,Male,White,Firing Squad
1,Terrorism,Latino,Male,Demra,42,Male,Black,Firing Squad
1,Terrorism,White,Male,Demra,33,Male,Black,Firing Squad
1,Terrorism,White,Female,Demra,30,Male,White,Firing Squad
1,Terrorism,White,Female,Demra,41,Male,Black,Firing Squad
1,Terrorism,Black,Male,Demra,33,Male,Black,Firing Squad
1,Terrorism,White,Female,Demra,40,Male,White,Firing Squad
1,Terrorism,White,Female,Demra,44,Male,White,Firing Squad
1,Terrorism,White,Female,Demra,39,Male,White,Firing Squad
1,Terrorism,White,Male,Demra,30,Male,Black,Firing Squad
2,Terrorism,Latino,Male,Demra,49,Male,Latino,Firing Squad
2,Terrorism,White,Male,Demra,47,Male,White,Firing Squad
1,Terrorism,Latino,Male,Demra,44,Male,White,Firing Squad
4,Terrorism,White,Female,Demra,47,Male,White,Firing Squad
2,Terrorism,White,Female,Demra,35,Male,White,Firing Squad
1,Terrorism,White,Male,Demra,39,Male,White,Firing Squad
1,Terrorism,White,Male,Demra,41,Male,White,Firing Squad
1,Terrorism,White,Male,Demra,39,Male,Black,Firing Squad
1,Terrorism,White,Female,Demra,32,Male,Black,Firing Squad
1,Terrorism,White,Male,Demra,39,Male,Latino,Firing Squad
1,Terrorism,White,Female,Demra,39,Male,White,Firing Squad
3,Terrorism,White,Female,Demra,40,Male,White,Firing Squad
1,Terrorism,White,Male,Demra,50,Male,White,Firing Squad
1,Terrorism,White,Female,Demra,36,Male,White,Firing Squad
1,Terrorism,White,Female,Demra,53,Male,White,Firing Squad
1,Terrorism,White,Male,Demra,35,Male,White,Firing Squad
2,Terrorism,White,Female,Demra,55,Male,White,Firing Squad
3,Terrorism,White,Male,Demra,62,Male,Black,Firing Squad
1,Terrorism,White,Male,Demra,33,Male,Black,Firing Squad
1,Terrorism,White,Male,Dhanmondi,22,Male,Native American,Firing Squad
1,Terrorism,White,Female,Dhanmondi,36,Male,Black,Firing Squad
1,Terrorism,White,Female,Dhanmondi,38,Male,White,Bombing
2,Terrorism,White,Male,Dhanmondi,56,Male,White,Bombing
3,Terrorism,Black,Male,Dhanmondi,39,Male,White,Bombing
1,Terrorism,White,Female,Dhanmondi,42,Male,White,Bombing
1,Terrorism,White,Male,Dhanmondi,37,Male,Black,Bombing
1,Terrorism,White,Female,Dhanmondi,47,Male,White,Bombing
2,Terrorism,White,Male,Dhanmondi,34,Male,White,Bombing
1,Terrorism,Black,Male,Dhanmondi,33,Male,Black,Bombing
1,Terrorism,Black,Female,Dhanmondi,34,Male,Black,Bombing
1,Terrorism,White,Male,Dhanmondi,32,Male,Latino,Bombing
1,Terrorism,Latino,Male,Dhanmondi,30,Male,Black,Bombing
1,Terrorism,Black,Female,Dhanmondi,42,Male,White,Bombing
2,Terrorism,Black,Male,Dhanmondi,33,Male,White,Bombing
1,Terrorism,White,Male,Dhanmondi,41,Male,White,Bombing
1,Terrorism,White,Male,Dhanmondi,38,Male,White,Bombing
3,Terrorism,Black,Male,Dhanmondi,44,Male,Black,Bombing
1,Terrorism,White,Female,Dhanmondi,30,Male,Latino,Bombing
1,Terrorism,White,Male,Dhanmondi,51,Male,White,Bombing
1,Terrorism,Black,Male,Dhanmondi,44,Male,White,Bombing
1,Terrorism,White,Female,Dhanmondi,38,Male,Black,Bombing
1,Terrorism,White,Male,Dhanmondi,50,Male,White,Bombing
1,Terrorism,White,Male,Dhanmondi,55,Male,White,Bombing
1,Terrorism,White,Male,Dhanmondi,35,Male,Native American,Bombing
1,Terrorism,Latino,Male,Dhanmondi,42,Male,White,Bombing
2,Terrorism,Black,Male,Dhanmondi,53,Male,White,Bombing
1,Terrorism,White,Male,Dhanmondi,54,Male,White,Bombing
1,Terrorism,White,Female,Dhanmondi,35,Male,Black,Bombing
1,Terrorism,White,Female,Dhanmondi,32,Male,White,Bombing
3,Terrorism,White,Male,Dhanmondi,34,Male,Black,Bombing
1,Terrorism,White,Male,Dhanmondi,25,Male,Latino,Bombing
1,Terrorism,White,Female,Dhanmondi,37,Male,Black,Bombing
1,Terrorism,Black,Male,Dhanmondi,48,Male,Black,Bombing
2,Terrorism,Black,Female,Dhanmondi,45,Male,White,Bombing
1,Terrorism,White,Male,Dhanmondi,38,Male,White,Bombing
1,Terrorism,White,Male,Dhanmondi,41,Male,Black,Bombing
1,Terrorism,White,Male,Dhanmondi,36,Male,White,Bombing
1,Terrorism,White,Male,Dhanmondi,53,Male,White,Bombing
1,Terrorism,White,Female,Dhanmondi,39,Male,White,Bombing
1,Terrorism,White,Female,Dhanmondi,34,Male,Black,Bombing
1,Terrorism,White,Male,Dhanmondi,43,Male,Asian,Bombing
1,Terrorism,White,Female,Gulshan,30,Male,White,Bombing
1,Terrorism,Black,Female,Gulshan,32,Male,Black,Bombing
1,Terrorism,Asian,Male,Gulshan,44,Male,Black,Bombing
1,Terrorism,Latino,Female,Gulshan,42,Male,Black,Bombing
2,Terrorism,White,Male,Gulshan,43,Male,White,Bombing
2,Terrorism,White,Male,Gulshan,42,Male,Black,Bombing
1,Terrorism,White,Male,Gulshan,40,Male,Black,Bombing
1,Terrorism,White,Female,Gulshan,35,Male,Black,Bombing
1,Terrorism,Black,Male,Gulshan,61,Male,Black,Bombing
1,Terrorism,White,Female,Gulshan,29,Male,Black,Bombing
1,Terrorism,White,Male,Gulshan,37,Male,White,Bombing
1,Terrorism,White,Male,Gulshan,26,Male,White,Bombing
1,Terrorism,White,Female,Gulshan,44,Male,White,Bombing
2,Terrorism,White,Female,Gulshan,42,Male,Latino,Bombing
1,Terrorism,Latino,Female,Gulshan,47,Male,White,Bombing
1,Terrorism,White,Female,Gulshan,38,Male,White,Bombing
2,Terrorism,White,Female,Gulshan,38,Female,White,Bombing
3,Terrorism,White,Female,Gulshan,40,Male,White,Bombing
1,Terrorism,Latino,Female,Gulshan,33,Male,Black,Bombing
2,Terrorism,White,Male,Gulshan,35,Male,White,Bombing
2,Terrorism,White,Female,Gulshan,31,Male,White,Bombing
2,Terrorism,White,Male,Gulshan,29,Male,Black,Bombing
1,Terrorism,White,Male,Gulshan,43,Male,White,Bombing
1,Aggravated Assault,Asian,Female,Gulshan,47,Male,White,Deadly weapon
4,Aggravated Assault,White,Male,Gulshan,29,Male,White,Deadly weapon
1,Aggravated Assault,White,Male,Gulshan,46,Male,White,Deadly weapon
1,Aggravated Assault,White,Female,Gulshan,47,Male,Black,Deadly weapon
1,Aggravated Assault,White,Male,Gulshan,37,Male,Black,Deadly weapon
1,Aggravated Assault,White,Male,Gulshan,35,Male,Black,Deadly weapon
1,Aggravated Assault,White,Male,Gulshan,54,Female,White,Deadly weapon
1,Aggravated Assault,White,Female,Gulshan,40,Male,Native American,Deadly weapon
1,Aggravated Assault,White,Female,Gulshan,32,Male,Latino,Deadly weapon
1,Aggravated Assault,White,Male,Gulshan,45,Male,Latino,Deadly weapon
1,Aggravated Assault,Black,Female,Gulshan,38,Male,White,Deadly weapon
1,Aggravated Assault,White,Female,Gulshan,42,Male,White,Deadly weapon
1,Aggravated Assault,Black,Male,Gulshan,42,Male,White,Deadly weapon
1,Aggravated Assault,Black,Male,Gulshan,34,Male,White,Deadly weapon
1,Aggravated Assault,White,Female,Gulshan,43,Male,White,Deadly weapon
1,Aggravated Assault,White,Male,Gulshan,34,Male,White,Deadly weapon
1,Aggravated Assault,White,Female,Gulshan,34,Male,Black,Deadly weapon
1,Aggravated Assault,White,Female,Gulshan,41,Male,Latino,Deadly weapon
2,Aggravated Assault,White,Male,Gulshan,47,Male,White,Deadly weapon
2,Aggravated Assault,White,Female,Gulshan,39,Male,White,Deadly weapon
1,Aggravated Assault,White,Female,Gulshan,33,Male,White,Deadly weapon
1,Aggravated Assault,White,Female,Gulshan,40,Male,White,Deadly weapon
1,Aggravated Assault,White,Male,Gulshan,41,Male,White,Deadly weapon
4,Aggravated Assault,White,Male,Gulshan,30,Male,Latino,Deadly weapon
1,Aggravated Assault,White,Female,Gulshan,56,Male,White,Deadly weapon
1,Aggravated Assault,White,Male,Gulshan,43,Male,White,Deadly weapon
1,Aggravated Assault,White,Male,Gulshan,43,Male,White,Deadly weapon
1,Aggravated Assault,White,Female,Gulshan,47,Male,White,Deadly weapon
1,Aggravated Assault,White,Male,Gulshan,38,Male,White,Deadly weapon
1,Aggravated Assault,White,Male,Gulshan,62,Male,White,Deadly weapon
1,Aggravated Assault,Black,Male,Gulshan,25,Male,Black,Deadly weapon
1,Aggravated Assault,White,Male,Gulshan,43,Male,Latino,Deadly weapon
1,Aggravated Assault,White,Female,Gulshan,31,Male,Black,Deadly weapon
1,Aggravated Assault,White,Male,Gulshan,37,Male,White,Deadly weapon
1,Aggravated Assault,White,Female,Gulshan,34,Male,Latino,Deadly weapon
2,Aggravated Assault,Black,Male,Gulshan,44,Male,White,Deadly weapon
3,Aggravated Assault,Black,Male,Gulshan,40,Male,White,Deadly weapon
2,Aggravated Assault,White,Male,Gulshan,41,Male,Latino,Deadly weapon
1,Aggravated Assault,White,Male,Gulshan,44,Male,Latino,Deadly weapon
2,Aggravated Assault,White,Female,Gulshan,37,Male,White,Deadly weapon
3,Aggravated Assault,White,Male,Gulshan,27,Male,White,Deadly weapon
1,Aggravated Assault,White,Male,Gulshan,24,Male,Black,Deadly weapon
2,Aggravated Assault,White,Male,Gulshan,29,Male,Black,Deadly weapon
1,Aggravated Assault,White,Female,Gulshan,32,Male,Black,Deadly weapon
1,Aggravated Assault,White,Male,Gulshan,34,Male,Black,Deadly weapon
1,Aggravated Assault,White,Female,Gulshan,52,Male,White,Deadly weapon
2,Aggravated Assault,White,Male,Gulshan,50,Male,White,Deadly weapon
1,Aggravated Assault,White,Male,Gulshan,29,Male,Black,Deadly weapon
1,Aggravated Assault,White,Female,Gulshan,53,Male,Black,Deadly weapon
1,Aggravated Assault,White,Female,Gulshan,43,Male,Black,Deadly weapon
3,Aggravated Assault,White,Male,Gulshan,40,Male,White,Deadly weapon
1,Aggravated Assault,White,Female,Gulshan,39,Male,White,Deadly weapon
3,Aggravated Assault,Black,Male,Gulshan,39,Male,Asian,Deadly weapon
1,Aggravated Assault,White,Male,Gulshan,40,Male,Black,Deadly weapon
1,Aggravated Assault,White,Male,Gulshan,42,Male,Black,Deadly weapon
1,Aggravated Assault,Latino,Female,Gulshan,47,Male,White,Deadly weapon
2,Aggravated Assault,White,Female,Gulshan,38,Male,Black,Deadly weapon
1,Aggravated Assault,White,Male,Gulshan,46,Male,White,Deadly weapon
1,Aggravated Assault,White,Male,Gulshan,37,Male,Native American,Deadly weapon
1,Aggravated Assault,White,Male,Gulshan,40,Male,Black,Deadly weapon
1,Aggravated Assault,White,Female,Gulshan,38,Male,Black,Deadly weapon
1,Aggravated Assault,Black,Female,Gulshan,38,Male,White,Deadly weapon
1,Aggravated Assault,Black,Female,Gulshan,37,Male,Black,Deadly weapon
1,Aggravated Assault,White,Female,Gulshan,36,Male,White,Deadly weapon
2,Aggravated Assault,White,Male,Gulshan,27,Male,Black,Deadly weapon
2,Aggravated Assault,White,Female,Gulshan,51,Male,White,Deadly weapon
1,Aggravated Assault,White,Male,Gulshan,52,Male,Latino,Deadly weapon
1,Aggravated Assault,Latino,Male,Gulshan,38,Male,Native American,Deadly weapon
1,Aggravated Assault,White,Male,Gulshan,23,Male,White,Deadly weapon
3,Aggravated Assault,White,Male,Gulshan,29,Male,White,Deadly weapon
2,Aggravated Assault,Black,Male,Gulshan,43,Male,Asian,Deadly weapon
1,Aggravated Assault,White,Male,Gulshan,39,Male,Latino,Deadly weapon
1,Aggravated Assault,Latino,Male,Gulshan,43,Male,White,Deadly weapon
3,Aggravated Assault,White,Male,Gulshan,42,Male,White,Deadly weapon
3,Aggravated Assault,White,Male,Gulshan,31,Male,Latino,Deadly weapon
1,Aggravated Assault,White,Male,Gulshan,36,Male,White,Deadly weapon
1,Aggravated Assault,White,Female,Gulshan,38,Male,White,Deadly weapon
1,Aggravated Assault,Black,Female,Gulshan,35,Male,White,Deadly weapon
1,Aggravated Assault,White,Male,Gulshan,38,Male,Black,Deadly weapon
1,Aggravated Assault,Black,Male,Gulshan,37,Male,White,Deadly weapon
1,Aggravated Assault,White,Female,Gulshan,37,Male,White,Deadly weapon
1,Aggravated Assault,White,Male,Gulshan,46,Male,White,Deadly weapon
1,Aggravated Assault,White,Male,Gulshan,35,Male,White,Deadly weapon
1,Aggravated Assault,White,Male,Gulshan,44,Male,Black,Deadly weapon
1,Aggravated Assault,White,Male,Gulshan,57,Male,White,Deadly weapon
1,Aggravated Assault,White,Male,Gulshan,26,Male,White,Deadly weapon
1,Aggravated Assault,Latino,Male,Gulshan,61,Male,White,Deadly weapon
2,Aggravated Assault,White,Female,Gulshan,25,Male,Asian,Deadly weapon
1,Aggravated Assault,White,Male,Gulshan,49,Male,White,Deadly weapon
1,Aggravated Assault,White,Female,Gulshan,36,Male,Black,Deadly weapon
2,Aggravated Assault,White,Male,Gulshan,45,Male,Black,Deadly weapon
2,Aggravated Assault,White,Female,Gulshan,29,Male,White,Deadly weapon
4,Aggravated Assault,Black,Female,Gulshan,37,Male,White,Deadly weapon
1,Aggravated Assault,White,Female,Gulshan,61,Male,Black,Deadly weapon
1,Aggravated Assault,White,Male,Gulshan,26,Male,White,Deadly weapon
2,Aggravated Assault,Black,Male,Gulshan,26,Male,White,Deadly weapon
1,Aggravated Assault,White,Female,Gulshan,38,Male,White,Deadly weapon
1,Aggravated Assault,Black,Female,Gulshan,31,Male,Latino,Deadly weapon
1,Aggravated Assault,White,Male,Gulshan,50,Male,Black,Deadly weapon
1,Aggravated Assault,White,Female,Gulshan,62,Male,Black,Deadly weapon
1,Aggravated Assault,White,Female,Gulshan,41,Male,White,Deadly weapon
2,Aggravated Assault,White,Male,Gulshan,50,Male,White,Deadly weapon
1,Aggravated Assault,White,Female,Gulshan,46,Male,Black,Deadly weapon
1,Aggravated Assault,White,Male,Hazaribagh,38,Male,White,Deadly weapon
1,Aggravated Assault,White,Female,Hazaribagh,43,Male,White,Deadly weapon
1,Aggravated Assault,White,Male,Hazaribagh,38,Male,Black,Deadly weapon
2,Aggravated Assault,White,Male,Hazaribagh,59,Male,White,Deadly weapon
1,Aggravated Assault,White,Male,Hazaribagh,61,Male,White,Deadly weapon
1,Aggravated Assault,White,Female,Hazaribagh,40,Male,Black,Deadly weapon
1,Aggravated Assault,White,Male,Hazaribagh,33,Male,White,Deadly weapon
1,Aggravated Assault,White,Male,Hazaribagh,35,Male,White,Deadly weapon
2,Drug Trafficking,Latino,Female,Hazaribagh,55,Male,White,Selling
1,Drug Trafficking,White,Male,Hazaribagh,35,Male,Black,Selling
1,Drug Trafficking,White,Male,Hazaribagh,45,Male,White,Selling
3,Drug Trafficking,White,Female,Hazaribagh,54,Male,White,Selling
1,Drug Trafficking,White,Female,Hazaribagh,33,Male,White,Selling
1,Drug Trafficking,White,Male,Hazaribagh,41,Male,White,Selling
1,Drug Trafficking,White,Male,Hazaribagh,39,Male,Black,Selling
1,Drug Trafficking,White,Female,Hazaribagh,37,Male,Black,Selling
1,Drug Trafficking,White,Male,Hazaribagh,39,Male,Black,Selling
1,Drug Trafficking,White,Female,Hazaribagh,56,Male,White,Selling
1,Drug Trafficking,White,Female,Hazaribagh,26,Male,Black,Selling
1,Drug Trafficking,White,Female,Hazaribagh,37,Male,Latino,Selling
1,Drug Trafficking,Latino,Male,Hazaribagh,39,Male,Black,Selling
1,Drug Trafficking,White,Female,Hazaribagh,49,Male,White,Selling
2,Drug Trafficking,White,Male,Hazaribagh,52,Male,White,Selling
3,Drug Trafficking,White,Male,Hazaribagh,43,Male,White,Selling
1,Drug Trafficking,White,Male,Hazaribagh,51,Male,Black,Selling
1,Drug Trafficking,Latino,Female,Hazaribagh,42,Male,Black,Selling
1,Drug Trafficking,White,Male,Hazaribagh,51,Male,White,Selling
1,Drug Trafficking,White,Female,Hazaribagh,43,Male,White,Selling
1,Drug Trafficking,White,Male,Hazaribagh,28,Male,Black,Selling
2,Drug Trafficking,White,Male,Hazaribagh,38,Male,Black,Selling
1,Drug Trafficking,White,Male,Hazaribagh,41,Male,White,Selling
1,Drug Trafficking,White,Female,Hazaribagh,51,Male,White,Selling
1,Drug Trafficking,White,Male,Hazaribagh,35,Male,White,Selling
1,Drug Trafficking,White,Male,Hazaribagh,27,Male,Black,Selling
1,Drug Trafficking,Black,Male,Hazaribagh,53,Male,White,Selling
1,Drug Trafficking,Latino,Male,Hazaribagh,57,Male,Latino,Selling
1,Drug Trafficking,Black,Male,Hazaribagh,31,Male,Native American,Selling
1,Drug Trafficking,Asian,Male,Hazaribagh,32,Male,Black,Selling
1,Drug Trafficking,Black,Male,Hazaribagh,44,Male,Black,Selling
2,Drug Trafficking,Latino,Male,Hazaribagh,46,Male,Black,Selling
1,Drug Trafficking,White,Male,Hazaribagh,42,Male,White,Selling
1,Drug Trafficking,White,Male,Hazaribagh,39,Male,Latino,Selling
2,Drug Trafficking,White,Female,Hazaribagh,51,Male,Black,Selling
1,Drug Trafficking,White,Male,Hazaribagh,43,Male,Black,Selling
1,Drug Trafficking,White,Female,Hazaribagh,31,Male,White,Selling
3,Drug Trafficking,White,Male,Hazaribagh,46,Male,White,Selling
1,Drug Trafficking,Asian,Male,Hazaribagh,29,Male,Black,Selling
1,Drug Trafficking,Black,Male,Hazaribagh,41,Male,Black,Selling
2,Drug Trafficking,Latino,Female,Hazaribagh,48,Male,White,Selling
3,Drug Trafficking,White,Male,Hazaribagh,42,Male,White,Selling
1,Drug Trafficking,White,Female,Hazaribagh,30,Male,White,Transporting
1,Drug Trafficking,White,Male,Hazaribagh,54,Male,Black,Transporting
1,Drug Trafficking,White,Female,Hazaribagh,41,Male,Black,Transporting
1,Drug Trafficking,White,Male,Hazaribagh,37,Male,White,Transporting
2,Drug Trafficking,White,Female,Hazaribagh,26,Male,White,Transporting
2,Drug Trafficking,White,Male,Hazaribagh,48,Male,White,Transporting
1,Drug Trafficking,Latino,Female,Hazaribagh,23,Male,White,Transporting
1,Drug Trafficking,Black,Female,Hazaribagh,46,Male,White,Transporting
1,Drug Trafficking,White,Male,Hazaribagh,31,Male,White,Transporting
1,Drug Trafficking,White,Male,Hazaribagh,38,Male,Black,Transporting
5,Drug Trafficking,White,Male,Hazaribagh,42,Male,White,Transporting
1,Drug Trafficking,White,Female,Hazaribagh,47,Male,White,Transporting
1,Drug Trafficking,White,Female,Hazaribagh,27,Male,Black,Transporting
1,Drug Trafficking,White,Female,Hazaribagh,39,Male,White,Transporting
1,Drug Trafficking,White,Female,Hazaribagh,41,Male,Black,Transporting
1,Drug Trafficking,White,Male,Hazaribagh,45,Male,White,Transporting
1,Drug Trafficking,White,Male,Hazaribagh,58,Male,White,Transporting
1,Drug Trafficking,White,Male,Hazaribagh,38,Male,Black,Transporting
1,Drug Trafficking,White,Female,Hazaribagh,40,Male,White,Transporting
1,Drug Trafficking,White,Male,Hazaribagh,62,Female,White,Transporting
1,Drug Trafficking,Black,Male,Hazaribagh,31,Male,Black,Transporting
2,Drug Trafficking,White,Male,Hazaribagh,48,Male,Black,Transporting
1,Drug Trafficking,White,Female,Hazaribagh,28,Male,Black,Transporting
1,Drug Trafficking,White,Female,Hazaribagh,36,Male,White,Transporting
2,Drug Trafficking,White,Male,Hazaribagh,50,Male,White,Transporting
3,Drug Trafficking,White,Female,Hazaribagh,45,Male,Native American,Transporting
1,Drug Trafficking,White,Male,Hazaribagh,28,Male,Black,Transporting
1,Drug Trafficking,White,Female,Hazaribagh,62,Male,White,Transporting
1,Drug Trafficking,Black,Male,Hazaribagh,31,Male,Black,Transporting
1,Drug Trafficking,White,Male,Hazaribagh,52,Male,Black,Transporting
1,Drug Trafficking,White,Female,Hazaribagh,44,Male,White,Transporting
1,Drug Trafficking,Black,Male,Hazaribagh,43,Male,Black,Transporting
2,Drug Trafficking,Latino,Female,Hazaribagh,28,Female,White,Transporting
1,Drug Trafficking,White,Female,Kalabagan,43,Male,Black,Transporting
1,Drug Trafficking,White,Female,Kalabagan,37,Male,White,Transporting
2,Drug Trafficking,White,Female,Kalabagan,38,Male,White,Transporting
1,Drug Trafficking,White,Female,Kalabagan,32,Male,Black,Transporting
1,Drug Trafficking,Latino,Male,Kalabagan,47,Male,White,Transporting
1,Drug Trafficking,White,Female,Kalabagan,51,Male,Black,Transporting
1,Drug Trafficking,White,Female,Kalabagan,33,Male,Black,Transporting
6,Drug Trafficking,White,Male,Kalabagan,34,Male,Black,Transporting
1,Drug Trafficking,White,Female,Kalabagan,51,Male,Native American,Transporting
2,Drug Trafficking, Latino,Male,Kalabagan,35,Male,Black,Transporting
1,Drug Trafficking,Black,Male,Kalabagan,38,Male,Black,Transporting
1,Drug Trafficking,White,Female,Kalabagan,49,Male,Black,Transporting
1,Drug Trafficking,Black,Female,Kalabagan,39,Male,White,iegally importing
2,Drug Trafficking,White,Male,Kalabagan,48,Male,White,iegally importing
1,Drug Trafficking,Black,Male,Kalabagan,44,Male,Black,iegally importing
1,Drug Trafficking,White,Female,Kalabagan,29,Male,Black,iegally importing
1,Drug Trafficking,White,Male,Kalabagan,31,Male,Latino,iegally importing
1,Drug Trafficking,Black,Female,Kalabagan,51,Male,White,iegally importing
1,Drug Trafficking,White,Female,Kalabagan,36,Male,Black,iegally importing
2,Drug Trafficking,White,Male,Kalabagan,53,Male,White,iegally importing
1,Drug Trafficking,White,Female,Kalabagan,29,Male,Latino,iegally importing
4,Drug Trafficking,Black,Female,Kalabagan,39,Male,White,iegally importing
2,Drug Trafficking,White,Male,Kalabagan,50,Male,White,iegally importing
1,Drug Trafficking,Black,Female,Kalabagan,39,Male,White,iegally importing
1,Drug Trafficking,White,Female,Kalabagan,33,Male,Latino,iegally importing
1,Drug Trafficking,White,Female,Kalabagan,33,Male,Latino,iegally importing
1,Drug Trafficking,White,Male,Kalabagan,36,Male,Black,iegally importing
2,Drug Trafficking,White,Female,Kalabagan,59,Male,White,iegally importing
1,Drug Trafficking,Latino,Female,Kalabagan,53,Male,Black,iegally importing
1,Drug Trafficking,White,Female,Kalabagan,40,Male,White,iegally importing
2,Drug Trafficking,White,Female,Kalabagan,39,Male,White,iegally importing
1,Drug Trafficking,White,Female,Kalabagan,30,Male,White,iegally importing
2,Drug Trafficking,White,Female,Kalabagan,32,Male,White,iegally importing
3,Drug Trafficking,White,Male,Kalabagan,37,Male,Black,iegally importing
3,Drug Trafficking,White,Male,Kalabagan,47,Male,White,iegally importing
1,Drug Trafficking,White,Male,Kalabagan,41,Male,Black,iegally importing
1,Bribery,White,Male,Kalabagan,33,Male,White,iegally work
1,Bribery,White,Male,Kalabagan,43,Male,White,iegally work
1,Bribery,Black,Male,Kalabagan,28,Male,Black,iegally work
1,Bribery,White,Female,Kalabagan,27,Male,White,iegally work
1,Bribery,Black,Male,Kalabagan,32,Male,Black,iegally work
1,Bribery,White,Female,Kalabagan,36,Male,White,iegally work
1,Bribery,White,Male,Khilgaon,34,Male,Black,iegally work
1,Bribery,Latino,Male,Khilgaon,31,Male,Latino,iegally work
1,Bribery,White,Male,Khilgaon,31,Male,Black,iegally work
1,Bribery,White,Female,Khilgaon,32,Male,Black,iegally work
1,Bribery,White,Male,Khilgaon,48,Male,White,iegally work
2,Bribery,White,Male,Khilgaon,37,Male,Black,iegally work
1,Bribery,White,Male,Khilgaon,33,Male,White,iegally work
1,Bribery,Latino,Male,Khilgaon,27,Male,Black,iegally work
1,Bribery,White,Female,Khilgaon,50,Male,White,iegally work
1,Bribery,White,Female,Khilgaon,50,Male,Latino,iegally work
1,Bribery,White,Female,Khilgaon,60,Male,White,iegally work
1,Bribery,White,Male,Khilgaon,37,Male,Black,iegally work
1,Bribery,Black,Male,Khilgaon,48,Male,Black,iegally work
1,Bribery,Black,Male,Khilgaon,37,Male,White,iegally work
1,Bribery,Asian,Male,Khilgaon,41,Female,Black,iegally work
1,Bribery,White,Male,Khilgaon,39,Male,White,iegally work
1,Bribery,White,Male,Khilgaon,29,Male,White,iegally work
1,Bribery,White,Female,Khilgaon,31,Male,Native American,iegally work
1,Bribery,White,Male,Khilgaon,37,Male,White,iegally work
3,Bribery,White,Male,Khilgaon,35,Male,White,iegally work
3,Bribery,White,Female,Khilgaon,35,Male,White,iegally work
1,Bribery,White,Female,Khilgaon,52,Male,Black,iegally work
1,Bribery,White,Female,Khilgaon,35,Male,White,iegally work
1,Bribery,White,Female,Khilgaon,61,Male,White,iegally work
1,Bribery,White,Male,Khilgaon,37,Male,White,iegally work
1,Bribery,White,Male,Khilgaon,50,Male,Latino,iegally work
1,Bribery,White,Female,Khilgaon,40,Male,White,iegally work
1,Bribery,Asian,Male,Khilgaon,31,Male,White,iegally work
1,Bribery,White,Female,Khilgaon,55,Male,White,iegally work
1,Bribery,Black,Female,Khilgaon,39,Male,Black,iegally work
1,Bribery,White,Male,Khilgaon,41,Male,White,iegally work
1,Bribery,White,Male,Khilgaon,59,Male,White,iegally work
3,Bribery,White,Female,Khilgaon,52,Male,White,iegally work
2,Bribery,White,Male,Khilgaon,50,Male,White,iegally work
2,Bribery,White,Male,Khilgaon,27,Male,White,iegally work
1,Bribery,Black,Female,Khilgaon,37,Male,White,iegally work
1,Bribery,White,Female,Khilgaon,32,Male,Black,iegally work
3,Bribery,White,Male,Khilgaon,46,Male,Black,iegally work
1,Bribery,Black,Female,Khilgaon,46,Male,White,iegally work
1,Bribery,White,Male,Khilgaon,40,Female,White,iegally work
5,Bribery,White,Female,Khilgaon,30,Male,White,iegally work
1,Bribery,White,Female,Khilgaon,41,Male,Native American,iegally work
1,Bribery,White,Male,Khilkhet,40,Male,Black,iegally work
1,Bribery,White,Male,Khilkhet,37,Male,Black,iegally work
1,Bribery,Black,Female,Khilkhet,42,Male,Black,iegally work
168,Bribery,Latino,Female,Khilkhet,33,Male,White,iegally work
1,Bribery,White,Female,Khilkhet,57,Male,White,iegally work
1,Bribery,Latino,Male,Khilkhet,48,Male,Black,iegally work
3,Bribery,White,Female,Khilkhet,44,Male,Latino,iegally work
1,Bribery,White,Female,Khilkhet,46,Male,Black,iegally work
2,Bribery,White,Female,Khilkhet,54,Male,White,iegally work
1,Bribery,White,Male,Khilkhet,42,Male,Black,iegally work
1,Bribery,White,Male,Khilkhet,39,Male,White,iegally work
1,Bribery,White,Female,Khilkhet,40,Male,Native American,iegally work
1,Bribery,White,Female,Khilkhet,47,Male,White,iegally work
2,Bribery,White,Male,Khilkhet,39,Male,White,iegally work
1,Bribery,White,Male,Khilkhet,43,Male,White,iegally work
1,Bribery,Black,Female,Khilkhet,58,Male,White,iegally work
2,Bribery,White,Female,Khilkhet,35,Male,White,iegally work
1,Bribery,White,Female,Khilkhet,42,Male,White,iegally work
1,Bribery,White,Male,Khilkhet,50,Male,White,iegally work
1,Bribery,White,Female,Khilkhet,27,Male,White,iegally work
1,Bribery,White,Male,Khilkhet,39,Male,Black,iegally work
1,Blackmail,White,Female,Khilkhet,53,Male,White,Phone Call
3,Blackmail,Black,Male,Khilkhet,26,Male,White,Phone Call
1,Blackmail,White,Male,Khilkhet,33,Male,Black,Phone Call
1,Blackmail,Black,Female,Khilkhet,55,Male,White,Phone Call
1,Blackmail,White,Male,Khilkhet,40,Male,White,Phone Call
1,Blackmail,White,Male,Khilkhet,45,Male,White,Phone Call
1,Blackmail,Black,Male,Khilkhet,45,Male,Black,Phone Call
1,Blackmail,Black,Male,Khilkhet,41,Male,White,Phone Call
1,Blackmail,White,Female,Khilkhet,31,Male,Black,Phone Call
2,Blackmail,Black,Female,Khilkhet,63,Male,White,Phone Call
1,Blackmail,Black,Female,Khilkhet,43,Male,White,Phone Call
1,Blackmail,Black,Male,Khilkhet,61,Female,White,Phone Call
2,Blackmail,Black,Male,Khilkhet,53,Male,Other,Phone Call
1,Blackmail,Latino,Male,Khilkhet,41,Male,White,Phone Call
1,Blackmail,White,Male,Khilkhet,37,Male,Black,Phone Call
1,Blackmail,White,Male,Khilkhet,38,Male,White,Phone Call
4,Blackmail,White,Male,Khilkhet,52,Male,White,Phone Call
1,Blackmail,White,Male,Khilkhet,43,Male,Black,Phone Call
1,Blackmail,White,Female,Khilkhet,62,Male,White,Phone Call
1,Blackmail,White,Male,Khilkhet,48,Male,White,Phone Call
1,Blackmail,White,Female,Khilkhet,43,Male,White,Phone Call
2,Blackmail,White,Female,Lalbagh,41,Male,Black,Phone Call
1,Blackmail,White,Female,Lalbagh,42,Male,White,Phone Call
1,Blackmail,Black,Female,Lalbagh,48,Male,White,Phone Call
1,Blackmail,White,Female,Lalbagh,40,Male,Black,Phone Call
1,Blackmail,White,Male,Lalbagh,38,Male,White,Phone Call
1,Blackmail,White,Female,Lalbagh,35,Male,White,Phone Call
1,Blackmail,White,Female,Lalbagh,37,Male,White,Phone Call
2,Blackmail,White,Male,Lalbagh,29,Male,Black,Phone Call
1,Blackmail,White,Female,Lalbagh,43,Male,White,Phone Call
1,Blackmail,White,Male,Lalbagh,35,Male,White,Phone Call
2,Blackmail,White,Male,Lalbagh,33,Male,White,Phone Call
1,Blackmail,Black,Female,Lalbagh,40,Male,Latino,Phone Call
1,Blackmail,Black,Male,Lalbagh,30,Male,White,Phone Call
1,Blackmail,White,Female,Lalbagh,43,Male,Black,Phone Call
1,Blackmail,White,Male,Lalbagh,47,Male,White,Phone Call
1,Blackmail,White,Male,Lalbagh,46,Male,Black,Phone Call
1,Blackmail,White,Male,Lalbagh,52,Male,Latino,Phone Call
1,Blackmail,White,Female,Lalbagh,39,Male,White,Phone Call
1,Blackmail,White,Female,Lalbagh,28,Male,Black,Phone Call
1,Blackmail,White,Male,Lalbagh,35,Male,White,Phone Call
1,Blackmail,White,Male,Lalbagh,54,Female,White,Phone Call
1,Arson,White,Female,Lalbagh,32,Male,White,Explosion
1,Arson,White,Male,Lalbagh,29,Male,Latino,Explosion
1,Arson,Latino,Male,Lalbagh,25,Male,Black,Explosion
1,Arson,White,Male,Lalbagh,35,Male,White,Explosion
1,Arson,White,Female,Lalbagh,47,Male,Black,Explosion
1,Arson,White,Male,Lalbagh,27,Male,White,Explosion
5,Arson,White,Male,Lalbagh,33,Male,White,Explosion
1,Arson,White,Male,Lalbagh,30,Male,Black,Explosion
1,Arson,White,Female,Lalbagh,39,Male,White,Explosion
1,Arson,White,Male,Lalbagh,42,Male,White,Explosion
1,Arson,White,Female,Lalbagh,51,Male,White,Explosion
1,Arson,Latino,Female,Lalbagh,59,Male,White,Explosion
1,Arson,White,Female,Lalbagh,25,Male,Black,Explosion
1,Arson,Black,Female,Lalbagh,33,Male,Latino,Explosion
1,Arson,White,Male,Lalbagh,35,Male,White,Explosion
1,Arson,White,Male,Lalbagh,52,Male,White,Explosion
1,Arson,White,Male,Lalbagh,38,Male,White,Explosion
1,Arson,White,Male,Lalbagh,37,Male,Black,Explosion
3,Arson,White,Female,Lalbagh,27,Male,Black,Explosion
2,Arson,White,Female,Lalbagh,36,Male,Black,Explosion
1,Arson,White,Female,Lalbagh,40,Male,White,Explosion
1,Arson,White,Male,Lalbagh,44,Male,White,Explosion
1,Arson,Black,Female,Lalbagh,30,Male,White,Explosion
2,Arson,White,Male,Lalbagh,42,Male,White,Explosion
1,Arson,White,Male,Lalbagh,48,Male,Black,Explosion
1,Arson,White,Female,Lalbagh,62,Male,White,Explosion
1,Arson,White,Female,Lalbagh,56,Male,White,Explosion
1,Arson,Black,Male,Lalbagh,43,Male,Latino,Explosion
1,Arson,White,Male,Lalbagh,46,Female,White,Explosion
2,Arson,Black,Female,Lalbagh,59,Male,White,Explosion
1,Arson,Latino,Female,Lalbagh,38,Male,Other,Explosion
1,Arson,Latino,Male,Lalbagh,47,Male,White,Explosion
1,Arson,White,Female,Lalbagh,37,Male,White,Explosion
2,Arson,White,Female,Lalbagh,66,Male,White,Explosion
2,Arson,White,Male,Lalbagh,52,Male,Latino,Explosion
1,Arson,Black,Male,Lalbagh,49,Male,White,Explosion
1,Arson,White,Female,Lalbagh,63,Male,Black,Explosion
1,Arson,White,Female,Lalbagh,35,Male,Black,Explosion
4,Arson,White,Male,Lalbagh,35,Male,White,Explosion
1,Arson,Black,Male,Lalbagh,51,Male,White,Explosion
2,Arson,Black,Male,Lalbagh,56,Male,White,Explosion
1,Arson,White,Female,Lalbagh,46,Male,White,Explosion
4,Arson,White,Male,Lalbagh,37,Male,White,Explosion
1,Arson,Latino,Female,Lalbagh,36,Male,Black,Explosion
3,Arson,White,Male,Lalbagh,31,Male,White,Explosion
1,Arson,Latino,Male,Lalbagh,30,Male,Latino,Explosion
1,Arson,Latino,Male,Lalbagh,34,Male,White,Explosion
1,Arson,White,Male,Lalbagh,37,Male,White,Explosion
1,Arson,Black,Female,Lalbagh,33,Male,Black,Explosion
2,Arson,Black,Female,Lalbagh,40,Male,White,Explosion
1,Arson,White,Male,Lalbagh,32,Male,White,Explosion
1,Arson,Black,Female,Lalbagh,42,Male,Latino,Explosion
1,Arson,White,Female,Lalbagh,42,Male,White,Explosion
1,Arson,White,Female,Lalbagh,28,Male,Black,Explosion
1,Arson,White,Female,Lalbagh,47,Male,White,Explosion
1,Arson,White,Female,Lalbagh,39,Male,Black,Explosion
1,Arson,Latino,Male,Lalbagh,33,Male,Black,Explosion
1,Arson,White,Male,Lalbagh,48,Male,Black,Explosion
1,Arson,White,Female,Lalbagh,41,Male,White,Explosion
1,Arson,Black,Female,Lalbagh,43,Male,White,Explosion
1,Arson,White,Male,Lalbagh,31,Male,Black,Explosion
1,Arson,White,Female,Lalbagh,53,Male,Black,Explosion
1,Arson,Black,Female,Lalbagh,35,Male,Black,Explosion
1,Arson,White,Male,Lalbagh,57,Male,White,Explosion
2,Arson,Black,Female,Lalbagh,49,Male,Black,Explosion
1,Arson,White,Female,Lalbagh,43,Male,White,Explosion
2,Arson,White,Male,Lalbagh,32,Male,White,Explosion
1,Arson,White,Male,Lalbagh,43,Male,White,Explosion
4,Arson,White,Female,Lalbagh,61,Male,White,Explosion
1,Arson,Asian,Male,Lalbagh,40,Male,Black,Explosion
1,Arson,White,Female,Lalbagh,34,Male,Latino,Explosion
1,Arson,White,Male,Lalbagh,44,Male,White,Explosion
1,Arson,White,Male,Lalbagh,44,Male,White,Explosion
2,Arson,Latino,Male,Lalbagh,43,Male,White,Explosion
1,Arson,White,Male,Lalbagh,47,Male,White,Explosion
6,Arson,White,Male,Lalbagh,49,Male,White,Explosion
1,Arson,Black,Male,Lalbagh,56,Male,White,Explosion
4,Arson,White,Female,Lalbagh,48,Male,White,Explosion
2,Arson,Black,Male,Lalbagh,62,Male,White,Explosion
1,Arson,White,Male,Lalbagh,37,Male,Black,Explosion
1,Arson,White,Female,Lalbagh,38,Male,Black,Explosion
3,Arson,White,Male,Lalbagh,46,Male,White,Explosion
1,Arson,White,Female,Lalbagh,42,Male,Black,Explosion
1,Arson,White,Female,Lalbagh,31,Male,White,Explosion
1,Arson,White,Female,Lalbagh,64,Male,White,Explosion
1,Arson,Black,Female,Lalbagh,39,Male,White,Explosion
1,Arson,White,Female,Lalbagh,43,Male,Black,Explosion
3,Arson,White,Female,Lalbagh,31,Male,Black,Explosion
1,Arson,White,Female,Lalbagh,27,Male,White,Explosion
2,Arson,White,Male,Lalbagh,31,Male,Black,Explosion
1,Arson,White,Female,Lalbagh,29,Male,Black,Explosion
1,Arson,White,Female,Lalbagh,33,Male,White,Explosion
1,Arson,White,Male,Lalbagh,53,Male,White,Explosion
2,Arson,Latino,Female,Lalbagh,33,Male,White,Explosion
4,Arson,White,Female,Lalbagh,39,Male,White,Explosion
1,Arson,White,Male,Lalbagh,34,Male,Black,Explosion
2,Arson,White,Male,Lalbagh,49,Male,White,Explosion
2,Arson,White,Male,Lalbagh,54,Male,White,Explosion
2,Arson,Asian,Female,Lalbagh,58,Male,Native American,Explosion
1,Arson,White,Female,Lalbagh,35,Male,White,Explosion
1,Arson,Latino,Male,Lalbagh,39,Male,White,Explosion
2,Arson,White,Male,Lalbagh,42,Male,White,Explosion
1,Arson,White,Male,Lalbagh,55,Male,White,Explosion
1,Arson,White,Female,Lalbagh,39,Male,White,Explosion
1,Arson,Black,Male,Lalbagh,46,Male,Black,Explosion
2,Arson,White,Male,Mirpur,41,Male,White,Explosion
2,Arson,White,Female,Mirpur,61,Male,White,Explosion
1,Arson,White,Male,Mirpur,38,Male,White,Explosion
1,Arson,Black,Male,Mirpur,31,Male,Black,Explosion
1,Arson,Black,Male,Mirpur,27,Male,Black,Explosion
1,Arson,White,Male,Mirpur,44,Male,Black,Explosion
1,Embezzlement,White,Male,Mirpur,32,Male,White,iegall Document
1,Embezzlement,Black,Female,Mirpur,39,Male,Black,iegall Document
1,Embezzlement,Black,Male,Mirpur,45,Male,Black,iegall Document
1,Embezzlement,White,Female,Mirpur,32,Male,Black,iegall Document
1,Embezzlement,White,Male,Mirpur,42,Male,White,iegall Document
1,Embezzlement,White,Female,Mirpur,58,Male,White,iegall Document
1,Embezzlement,White,Female,Mirpur,41,Male,White,iegall Document
1,Embezzlement,White,Male,Mirpur,51,Male,Black,iegall Document
3,Embezzlement,White,Female,Mirpur,46,Male,Black,iegall Document
2,Embezzlement,Black,Female,Mirpur,36,Male,Black,iegall Document
1,Embezzlement,White,Female,Mirpur,38,Male,White,iegall Document
3,Embezzlement,Asian,Male,Mirpur,36,Male,White,iegall Document
1,Embezzlement,White,Male,Mirpur,29,Male,Black,iegall Document
1,Embezzlement,Black,Female,Mirpur,49,Male,White,iegall Document
1,Embezzlement,White,Male,Mirpur,30,Male,White,iegall Document
1,Embezzlement,White,Male,Mirpur,39,Male,White,iegall Document
1,Embezzlement,Black,Male,Mirpur,37,Male,Asian,iegall Document
1,Embezzlement,White,Female,Mirpur,35,Male,White,iegall Document
2,Embezzlement,White,Male,Mirpur,52,Male,White,iegall Document
1,Embezzlement,White,Male,Mirpur,39,Male,White,iegall Document
1,Embezzlement,White,Female,Mirpur,51,Male,White,iegall Document
1,Embezzlement,White,Male,Mirpur,38,Male,White,iegall Document
2,Embezzlement,White,Male,Mirpur,50,Male,Black,iegall Document
1,Embezzlement,White,Male,Mirpur,49,Male,White,iegall Document
2,Embezzlement,White,Female,Mirpur,47,Male,White,iegall Document
1,Embezzlement,White,Female,Mirpur,63,Male,White,iegall Document
1,Embezzlement,White,Female,Mirpur,45,Male,White,iegall Document
1,Embezzlement,White,Male,Mirpur,42,Male,White,iegall Document
1,Embezzlement,White,Male,Mirpur,43,Male,White,iegall Document
1,Embezzlement,White,Male,Mirpur,47,Male,White,iegall Document
2,Embezzlement,Black,Male,Mirpur,47,Male,White,iegall Document
1,Embezzlement,Black,Male,Mirpur,57,Male,White,iegall Document
2,Embezzlement,White,Male,Mirpur,40,Male,White,iegall Document
2,Embezzlement,Latino,Male,Mirpur,34,Male,White,iegall Document
1,Embezzlement,White,Male,Mirpur,74,Male,White,iegall Document
1,Embezzlement,White,Male,Mirpur,56,Male,White,iegall Document
3,Embezzlement,White,Female,Mirpur,57,Male,White,iegall Document
2,Embezzlement,Black,Male,Mirpur,28,Male,White,iegall Document
1,Embezzlement,White,Female,Mirpur,46,Male,White,iegall Document
1,Embezzlement,White,Male,Mirpur,41,Male,Black,iegall Document
1,Embezzlement,White,Female,Mirpur,58,Male,Black,iegall Document
1,Embezzlement,White,Female,Mirpur,32,Male,Latino,iegall Document
1,Embezzlement,Black,Female,Mirpur,33,Male,White,iegall Document
2,Embezzlement,White,Female,Mirpur,30,Male,Black,iegall Document
1,Embezzlement,White,Female,Mirpur,42,Male,Latino,iegall Document
1,Embezzlement,Black,Male,Mirpur,51,Male,Black,iegall Document
1,Embezzlement,Black,Male,Mirpur,39,Male,White,iegall Document
1,Embezzlement,White,Female,Mirpur,28,Male,Black,Forcefully
1,Embezzlement,Black,Male,Mirpur,53,Male,White,Forcefully
2,Embezzlement,White,Female,Mirpur,30,Male,White,Forcefully
1,Embezzlement,White,Female,Mirpur,30,Male,Black,Forcefully
1,Embezzlement,Black,Male,Mirpur,52,Male,Black,Forcefully
1,Embezzlement,White,Male,Mirpur,47,Male,White,Forcefully
1,Embezzlement,White,Female,Mirpur,30,Male,Black,Forcefully
1,Embezzlement,White,Female,Mirpur,30,Male,Black,Forcefully
1,Embezzlement,Black,Male,Mirpur,32,Male,White,Forcefully
1,Embezzlement,White,Male,Mirpur,30,Male,Latino,Forcefully
1,Embezzlement,White,Male,Mirpur,33,Male,White,Forcefully
2,Embezzlement,White,Male,Mirpur,61,Male,White,Forcefully
1,Embezzlement,White,Male,Mirpur,38,Male,White,Forcefully
1,Embezzlement,Black,Male,Mirpur,34,Male,White,Forcefully
4,Embezzlement,White,Female,Mirpur,41,Male,White,Forcefully
1,Embezzlement,White,Male,Mirpur,39,Male,White,Forcefully
1,Embezzlement,White,Female,Mirpur,47,Male,Black,Forcefully
1,Embezzlement,Black,Female,Mirpur,50,Male,White,Forcefully
4,Embezzlement,White,Female,Mirpur,47,Male,White,Forcefully
1,Embezzlement,White,Male,Mirpur,58,Male,White,Forcefully
2,Embezzlement,White,Male,Mirpur,57,Male,White,Forcefully
1,Embezzlement,White,Male,Mirpur,37,Male,Black,Forcefully
1,Embezzlement,Latino,Female,Mirpur,47,Male,White,Forcefully
2,Embezzlement,White,Male,Mirpur,36,Male,White,Forcefully
1,Embezzlement,Latino,Male,Mirpur,42,Male,White,Forcefully
1,Embezzlement,White,Male,Mirpur,48,Male,White,Forcefully
1,Embezzlement,White,Female,Mirpur,38,Male,Black,Forcefully
1,Embezzlement,White,Female,Mirpur,39,Male,White,Forcefully
1,Embezzlement,White,Male,Mirpur,43,Male,White,Forcefully
3,Embezzlement,White,Female,Mirpur,43,Male,Black,Forcefully
1,Embezzlement,White,Male,Mirpur,37,Male,Black,Forcefully
4,Embezzlement,White,Female,Mohammadpur,45,Male,White,Forcefully
1,Embezzlement,Latino,Male,Mohammadpur,51,Male,Black,Forcefully
1,Embezzlement,White,Male,Mohammadpur,44,Male,Black,Forcefully
1,Embezzlement,White,Female,Mohammadpur,31,Male,White,Forcefully
1,Embezzlement,White,Male,Mohammadpur,40,Male,White,Forcefully
1,Embezzlement,White,Male,Mohammadpur,58,Male,White,Forcefully
1,Embezzlement,White,Male,Mohammadpur,28,Male,Latino,Forcefully
1,Embezzlement,White,Female,Mohammadpur,44,Male,White,Forcefully
1,Embezzlement,Black,Female,Mohammadpur,37,Male,Black,Forcefully
3,Embezzlement,White,Female,Mohammadpur,38,Male,White,Forcefully
1,Embezzlement,Latino,Male,Mohammadpur,29,Male,Latino,Forcefully
1,Embezzlement,White,Female,Mohammadpur,62,Male,White,Forcefully
1,Embezzlement,White,Male,Mohammadpur,38,Male,Black,Forcefully
1,Embezzlement,White,Male,Mohammadpur,52,Male,Black,Forcefully
1,Embezzlement,Black,Male,Mohammadpur,30,Male,White,Forcefully
1,Embezzlement,White,Male,Mohammadpur,44,Male,White,Forcefully
3,Embezzlement,White,Female,Mohammadpur,40,Female,Black,Forcefully
3,Embezzlement,White,Female,Mohammadpur,48,Male,White,Forcefully
1,Embezzlement,White,Female,Mohammadpur,32,Male,White,Forcefully
1,Embezzlement,White,Female,Mohammadpur,54,Male,White,Forcefully
1,Embezzlement,Latino,Male,Mohammadpur,32,Male,Black,Forcefully
1,Embezzlement,White,Female,Mohammadpur,42,Male,Latino,Forcefully
4,Embezzlement,White,Female,Mohammadpur,48,Male,Black,Forcefully
1,Embezzlement,White,Male,Mohammadpur,38,Male,Black,Forcefully
1,Embezzlement,White,Male,Mohammadpur,55,Male,White,Forcefully
1,Embezzlement,White,Male,Mohammadpur,36,Male,White,Forcefully
4,Embezzlement,White,Male,Mohammadpur,51,Male,Black,Forcefully
1,Embezzlement,White,Male,Mohammadpur,38,Male,White,Forcefully
2,Embezzlement,Latino,Female,Mohammadpur,35,Male,White,Forcefully
2,Embezzlement,Black,Female,Mohammadpur,50,Male,White,Forcefully
3,Embezzlement,Latino,Male,Mohammadpur,34,Male,Black,Forcefully
1,Embezzlement,Black,Female,Mohammadpur,67,Male,White,Forcefully
1,Embezzlement,Black,Female,Mohammadpur,45,Male,White,Forcefully
2,Forgery,White,Male,Mohammadpur,49,Male,Black,iegall Document
1,Forgery,Latino,Male,Mohammadpur,33,Male,White,iegall Document
2,Forgery,White,Male,Mohammadpur,57,Male,White,iegall Document
1,Forgery,White,Male,Mohammadpur,47,Male,Black,iegall Document
4,Forgery,Black,Female,Mohammadpur,51,Male,Black,iegall Document
1,Forgery,Asian,Male,Mohammadpur,77,Male,White,iegall Document
3,Forgery,White,Female,Mohammadpur,76,Male,Native American,iegall Document
1,Forgery,White,Male,Mohammadpur,43,Male,Black,iegall Document
3,Forgery,White,Male,Mohammadpur,33,Male,Black,iegall Document
2,Forgery,White,Female,Motijheel,58,Male,White,iegall Document
2,Forgery,White,Female,Motijheel,34,Male,Latino,iegall Document
2,Forgery,Asian,Male,Motijheel,43,Male,White,iegall Document
1,Forgery,Latino,Male,Motijheel,31,Male,White,iegall Document
1,Forgery,Black,Male,Motijheel,32,Male,Black,iegall Document
1,Forgery,Latino,Male,Motijheel,31,Male,Black,iegall Document
1,Forgery,Black,Male,Motijheel,39,Male,White,iegall Document
1,Forgery,White,Male,Motijheel,27,Male,Latino,iegall Document
1,Forgery,White,Female,Motijheel,38,Male,Black,iegall Document
3,Forgery,White,Male,Motijheel,40,Male,White,iegall Document
1,Forgery,Black,Male,Motijheel,61,Male,Black,iegall Document
1,Forgery,White,Female,Motijheel,47,Male,Black,iegall Document
1,Forgery,Latino,Male,Motijheel,43,Male,Black,iegall Document
1,Forgery,Asian,Male,Motijheel,57,Male,Black,iegall Document
1,Forgery,White,Female,Motijheel,40,Male,Latino,iegall Document
2,Forgery,White,Female,Motijheel,27,Male,Black,iegall Document
2,Forgery,Black,Male,Motijheel,42,Male,Latino,iegall Document
1,Forgery,White,Male,Motijheel,74,Male,White,iegall Document
1,Forgery,Latino,Male,Motijheel,34,Male,White,iegall Document
3,Forgery,Latino,Male,Motijheel,28,Male,Black,iegall Document
1,Forgery,White,Female,Motijheel,46,Male,Latino,iegall Document
1,Forgery,Black,Male,Motijheel,51,Male,White,iegall Document
2,Forgery,White,Female,Motijheel,31,Male,Black,iegall Document
1,Forgery,White,Male,Motijheel,49,Male,White,iegall Document
1,Forgery,White,Male,Motijheel,39,Male,White,iegall Document
1,Forgery,Latino,Male,Motijheel,31,Male,Black,iegall Document
1,Forgery,Asian,Male,Motijheel,27,Male,White,iegall Document
1,Forgery,White,Male,Motijheel,40,Male,White,iegall Document
1,Forgery,White,Male,Motijheel,42,Male,White,iegall Document
1,Forgery,White,Female,Motijheel,41,Male,Black,iegall Document
3,Forgery,White,Female,Motijheel,28,Male,White,iegall Document
3,Forgery,White,Male,Motijheel,49,Male,White,iegall Document
1,Forgery,White,Male,Motijheel,45,Male,Latino,iegall Document
1,Forgery,White,Female,Motijheel,37,Male,White,iegall Document
1,Forgery,White,Male,Motijheel,27,Male,Black,iegall Document
1,Forgery,White,Male,Motijheel,49,Male,Black,iegall Document
1,Forgery,White,Male,Motijheel,31,Male,White,iegall Document
2,Forgery,White,Male,Motijheel,29,Male,Black,iegall Document
1,Forgery,White,Female,Motijheel,43,Male,Black,iegall Document
1,Forgery,White,Female,Motijheel,48,Male,Black,iegall Document
1,Forgery,White,Male,Motijheel,57,Male,White,iegall Document
2,Forgery,White,Female,Motijheel,43,Male,White,iegall Document
5,Forgery,White,Male,New Market,56,Male,White,iegall Document
3,Forgery,White,Female,New Market,48,Male,White,iegall Document
5,Forgery,Black,Female,New Market,52,Male,White,iegall Document
1,Forgery,White,Female,New Market,37,Male,White,iegall Document
1,Forgery,Latino,Male,New Market,33,Male,Black,iegall Document
1,Forgery,White,Male,New Market,33,Male,Black,iegall Document
1,Forgery,White,Male,New Market,33,Male,White,iegall Document
1,Forgery,White,Male,New Market,55,Male,Latino,iegall Document
4,Forgery,White,Female,New Market,38,Male,Black,iegall Document
2,Forgery,Latino,Male,New Market,36,Male,Latino,iegall Document
1,Forgery,White,Female,New Market,33,Male,White,iegall Document
2,Forgery,Black,Male,New Market,31,Male,White,iegall Document
3,Forgery,Latino,Male,New Market,47,Male,Black,iegall Document
2,Forgery,White,Male,New Market,30,Male,White,iegall Document
2,Forgery,White,Female,New Market,44,Male,White,iegall Document
2,Forgery,White,Male,New Market,48,Male,Latino,iegall Document
1,Forgery,White,Male,New Market,45,Male,Black,iegall Document
1,Forgery,White,Female,New Market,42,Male,Black,iegall Document
1,Forgery,White,Male,New Market,28,Male,Latino,iegall Document
2,Forgery,White,Male,New Market,51,Male,White,iegall Document
1,Forgery,Latino,Male,New Market,38,Male,White,iegall Document
1,Forgery,White,Female,New Market,41,Male,White,iegall Document
2,Forgery,Black,Male,New Market,30,Male,White,iegall Document
2,Forgery,Black,Female,New Market,55,Male,Black,iegall Document
1,Forgery,White,Female,New Market,42,Male,White,iegall Document
1,Forgery,White,Female,New Market,53,Male,White,iegall Document
1,Forgery,White,Female,New Market,41,Male,White,iegall Document
1,Forgery,White,Female,New Market,50,Male,White,iegall Document
1,Forgery,White,Female,New Market,37,Male,White,iegall Document
1,Forgery,White,Female,New Market,56,Male,White,iegall Document
1,Forgery,White,Male,New Market,36,Male,White,iegall Document
1,Forgery,White,Female,New Market,36,Male,Latino,iegall Document
1,Forgery,White,Male,New Market,33,Male,Latino,iegall Document
1,Forgery,White,Male,New Market,40,Male,Black,iegall Document
1,Forgery,White,Male,New Market,49,Male,White,iegall Document
2,Forgery,White,Male,New Market,39,Male,White,iegall Document
3,Forgery,White,Male,New Market,63,Male,Black,iegall Document
1,Forgery,Latino,Male,New Market,25,Male,White,iegall Document
2,Forgery,White,Male,New Market,44,Male,Black,iegall Document
1,Forgery,White,Male,New Market,46,Male,Black,iegall Document
1,Forgery,White,Male,New Market,27,Male,Black,iegall Document
1,Forgery,White,Male,New Market,46,Male,White,iegall Document
1,Forgery,White,Male,Paltan,32,Male,Black,iegall Document
1,Forgery,White,Female,Paltan,47,Male,Black,iegall Document
4,Forgery,White,Male,Paltan,32,Male,Black,iegall Document
1,Forgery,White,Female,Paltan,32,Male,Latino,iegall Document
1,Forgery,White,Female,Paltan,30,Male,White,iegall Document
4,Forgery,White,Male,Paltan,45,Male,White,iegall Document
3,Forgery,Latino,Male,Paltan,32,Male,White,iegall Document
1,Forgery,Black,Female,Paltan,49,Male,Black,iegall Document
1,False Pretenses,White,Male,Paltan,53,Male,White,False Identity
1,False Pretenses,White,Male,Paltan,49,Male,White,False Identity
1,False Pretenses,Asian,Male,Paltan,31,Male,Black,False Identity
2,False Pretenses,White,Female,Paltan,37,Male,Black,False Identity
3,False Pretenses,White,Male,Paltan,48,Male,White,False Identity
1,False Pretenses,White,Male,Paltan,37,Male,White,False Identity
1,False Pretenses,White,Male,Paltan,47,Male,White,False Identity
2,False Pretenses,White,Male,Paltan,49,Male,Black,False Identity
1,False Pretenses,White,Female,Paltan,30,Male,Black,False Identity
1,False Pretenses,White,Female,Paltan,39,Male,White,False Identity
1,False Pretenses,White,Female,Paltan,26,Male,Black,False Identity
2,False Pretenses,White,Female,Paltan,29,Male,Black,False Identity
1,False Pretenses,White,Female,Paltan,34,Male,White,False Identity
2,False Pretenses,White,Female,Paltan,40,Male,Black,False Identity
1,False Pretenses,White,Male,Paltan,36,Male,White,False Identity
1,False Pretenses,White,Male,Paltan,40,Male,Black,False Identity
2,False Pretenses,Latino,Male,Paltan,33,Male,Latino,False Identity
1,False Pretenses,White,Female,Paltan,29,Male,Latino,False Identity
2,False Pretenses,White,Female,Paltan,32,Male,Black,False Identity
1,False Pretenses,White,Male,Paltan,45,Male,Latino,False Identity
1,False Pretenses,White,Male,Paltan,57,Male,White,False Identity
1,False Pretenses,Black,Male,Paltan,39,Male,White,False Identity
2,False Pretenses,Black,Female,Paltan,34,Male,Black,False Identity
1,False Pretenses,White,Male,Paltan,52,Male,White,False Identity
2,False Pretenses,White,Male,Paltan,41,Male,White,False Identity
3,False Pretenses,White,Female,Paltan,57,Male,White,False Identity
3,False Pretenses,White,Male,Paltan,27,Male,Black,False Identity
1,False Pretenses,White,Female,Paltan,29,Male,White,False Identity
1,False Pretenses,White,Male,Paltan,47,Male,White,False Identity
1,False Pretenses,White,Male,Paltan,42,Male,White,False Identity
1,False Pretenses,White,Female,Paltan,46,Male,Black,False Identity
1,False Pretenses,Black,Male,Paltan,36,Male,Black,False Identity
1,False Pretenses,White,Male,Paltan,42,Male,Black,False Identity
1,False Pretenses,White,Male,Paltan,53,Male,Black,False Identity
1,False Pretenses,White,Male,Ramna,45,Male,Black,False Identity
2,False Pretenses,Latino,Female,Ramna,37,Male,White,False Identity
1,False Pretenses,White,Male,Ramna,38,Male,Black,False Identity
3,False Pretenses,White,Female,Ramna,40,Male,Black,False Identity
1,False Pretenses,White,Female,Ramna,62,Male,White,False Identity
2,False Pretenses,White,Male,Ramna,49,Male,Black,False Identity
1,False Pretenses,Latino,Male,Ramna,53,Male,Black,False Identity
1,False Pretenses,White,Male,Ramna,32,Male,Black,False Identity
4,False Pretenses,White,Male,Ramna,41,Male,Latino,False Identity
1,False Pretenses,White,Female,Ramna,46,Male,Latino,False Identity
2,False Pretenses,White,Female,Ramna,36,Male,Latino,False Identity
2,False Pretenses,White,Female,Ramna,55,Male,White,False Identity
1,False Pretenses,White,Male,Ramna,35,Male,Black,False Identity
1,False Pretenses,White,Male,Ramna,51,Male,White,False Identity
1,False Pretenses,White,Male,Ramna,51,Male,Black,False Identity
1,False Pretenses,White,Male,Ramna,49,Male,White,False Identity
1,False Pretenses,Asian,Male,Ramna,44,Male,Black,False Identity
2,False Pretenses,White,Male,Ramna,56,Male,White,False Identity
1,False Pretenses,Black,Female,Ramna,34,Male,Black,False Identity
1,False Pretenses,White,Female,Ramna,38,Male,Black,False Identity
1,False Pretenses,White,Male,Ramna,65,Male,White,False Identity
2,False Pretenses,White,Female,Ramna,34,Male,Latino,False Identity
1,False Pretenses,White,Male,Ramna,38,Male,Latino,False Identity
1,False Pretenses,White,Male,Ramna,35,Male,Latino,False Identity
1,False Pretenses,Black,Male,Ramna,49,Male,Black,False Identity
1,False Pretenses,White,Male,Ramna,52,Male,White,False Identity
1,False Pretenses,Black,Male,Ramna,28,Male,Black,False Identity
2,False Pretenses,Latino,Male,Ramna,34,Male,Black,False Identity
1,False Pretenses,White,Female,Ramna,44,Male,Black,False Identity
1,False Pretenses,Black,Male,Ramna,48,Male,White,False Identity
1,False Pretenses,White,Male,Ramna,51,Male,Black,False Identity
1,False Pretenses,White,Female,Ramna,49,Male,White,False Identity
2,False Pretenses,White,Female,Ramna,34,Male,White,False Identity
1,False Pretenses,White,Female,Ramna,39,Male,White,False Identity
1,False Pretenses,White,Female,Ramna,62,Male,White,False Identity
2,False Pretenses,White,Male,Ramna,32,Male,White,False Identity
1,False Pretenses,Black,Female,Ramna,45,Male,White,False Identity
5,False Pretenses,White,Male,Ramna,36,Male,Black,False Identity
1,False Pretenses,White,Female,Ramna,33,Male,White,False Identity
1,False Pretenses,White,Female,Ramna,45,Male,White,False Identity
1,False Pretenses,White,Female,Ramna,52,Male,White,False Identity
3,False Pretenses,White,Male,Ramna,37,Male,Black,False Identity
1,False Pretenses,Black,Female,Rampura,38,Male,White,False Identity
1,False Pretenses,White,Female,Rampura,42,Male,White,False Identity
1,False Pretenses,White,Female,Rampura,28,Male,Black,False Identity
1,False Pretenses,White,Female,Rampura,32,Male,Black,False Identity
1,False Pretenses,Black,Male,Rampura,34,Male,Latino,False Identity
1,False Pretenses,White,Female,Rampura,48,Male,Black,False Identity
1,False Pretenses,White,Male,Rampura,60,Male,White,False Identity
1,False Pretenses,White,Female,Rampura,30,Male,Black,False Identity
1,False Pretenses,White,Male,Rampura,34,Male,Black,False Identity
3,False Pretenses,White,Male,Rampura,53,Male,Black,False Identity
1,False Pretenses,White,Female,Rampura,44,Male,White,False Identity
1,False Pretenses,White,Male,Rampura,51,Male,White,False Identity
3,False Pretenses,Black,Male,Rampura,49,Male,White,False Identity
1,False Pretenses,White,Male,Rampura,47,Male,White,False Identity
1,False Pretenses,White,Male,Rampura,37,Male,Black,False Identity
1,False Pretenses,White,Female,Rampura,51,Male,Black,False Identity
2,False Pretenses,White,Male,Rampura,59,Male,White,False Identity
2,False Pretenses,White,Female,Rampura,60,Male,Black,False Identity
1,False Pretenses,White,Male,Rampura,37,Male,Black,False Identity
1,False Pretenses,White,Female,Rampura,45,Male,White,False Identity
2,False Pretenses,White,Female,Rampura,32,Male,Latino,False Identity
1,False Pretenses,White,Male,Rampura,31,Male,White,False Identity
1,False Pretenses,White,Female,Rampura,43,Male,White,False Identity
1,False Pretenses,White,Male,Rampura,31,Male,White,False Identity
1,False Pretenses,White,Female,Rampura,34,Male,Black,False Identity
1,False Pretenses,White,Male,Rampura,46,Male,Black,False Identity
1,False Pretenses,White,Male,Rampura,31,Male,White,False Identity
1,False Pretenses,White,Male,Rampura,40,Male,Latino,False Identity
1,False Pretenses,White,Male,Rampura,41,Male,White,False Identity
1,False Pretenses,White,Male,Rampura,48,Male,White,False Identity
1,False Pretenses,Asian,Female,Rampura,41,Male,White,False Identity
1,False Pretenses,White,Male,Rampura,37,Male,Latino,False Identity
1,False Pretenses,White,Female,Rampura,62,Male,White,False Identity
1,False Pretenses,White,Male,Rampura,72,Male,White,False Identity
2,False Pretenses,White,Female,Rampura,37,Male,Black,False Identity
1,Motor Vehicle Thief,White,Female,Rampura,54,Male,Latino,Unknown
1,Motor Vehicle Thief,White,Female,Rampura,63,Male,White,Unknown
1,Motor Vehicle Thief,White,Male,Rampura,36,Male,Black,Unknown
2,Motor Vehicle Thief,White,Male,Rampura,49,Male,White,Unknown
1,Motor Vehicle Thief,White,Male,Rampura,42,Male,White,Unknown
1,Motor Vehicle Thief,White,Male,Rampura,59,Male,White,Unknown
1,Motor Vehicle Thief,White,Female,Rampura,49,Male,White,Unknown
1,Motor Vehicle Thief,White,Male,Rampura,28,Male,White,Unknown
5,Motor Vehicle Thief,Asian,Male,Rampura,37,Male,Black,Unknown
2,Motor Vehicle Thief,White,Female,Rampura,42,Male,Black,Unknown
1,Motor Vehicle Thief,White,Male,Rampura,42,Male,White,Unknown
2,Motor Vehicle Thief,White,Male,Rampura,38,Male,Black,Unknown
1,Motor Vehicle Thief,White,Male,Rampura,41,Male,White,Unknown
2,Motor Vehicle Thief,White,Female,Rampura,35,Male,Latino,Unknown
1,Motor Vehicle Thief,Black,Male,Rampura,50,Male,Black,Unknown
1,Motor Vehicle Thief,White,Male,Rampura,52,Male,White,Unknown
2,Motor Vehicle Thief,White,Female,Rampura,41,Female,White,Unknown
3,Motor Vehicle Thief,White,Male,Rampura,31,Male,White,Unknown
1,Motor Vehicle Thief,White,Male,Rampura,49,Male,White,Unknown
1,Motor Vehicle Thief,White,Female,Rampura,41,Male,White,Unknown
2,Motor Vehicle Thief,White,Female,Rampura,51,Male,Black,Unknown
1,Motor Vehicle Thief,White,Female,Rampura,50,Male,Native American,Unknown
1,Motor Vehicle Thief,White,Female,Rampura,63,Male,White,Unknown
1,Motor Vehicle Thief,Black,Male,Rampura,58,Male,White,Unknown
1,Motor Vehicle Thief,White,Male,Rampura,39,Male,Black,Unknown
1,Motor Vehicle Thief,Black,Male,Rampura,38,Male,White,Unknown
1,Motor Vehicle Thief,White,Male,Rampura,52,Male,Black,Unknown
1,Motor Vehicle Thief,White,Female,Rampura,45,Male,Black,Unknown
1,Motor Vehicle Thief,White,Female,Rampura,47,Male,White,Unknown
1,Motor Vehicle Thief,White,Female,Rampura,31,Male,White,Repairing Kit
3,Motor Vehicle Thief,White,Female,Rampura,59,Male,White,Repairing Kit
1,Motor Vehicle Thief,White,Female,Rampura,42,Male,Black,Repairing Kit
1,Motor Vehicle Thief,Black,Female,Rampura,37,Male,Black,Repairing Kit
2,Motor Vehicle Thief,Black,Male,Rampura,47,Male,Black,Repairing Kit
2,Motor Vehicle Thief,White,Male,Rampura,45,Male,White,Repairing Kit
1,Motor Vehicle Thief,White,Male,Rampura,49,Male,Black,Repairing Kit
1,Motor Vehicle Thief,White,Male,Rampura,46,Male,White,Repairing Kit
1,Motor Vehicle Thief,White,Male,Rampura,36,Male,White,Repairing Kit
4,Motor Vehicle Thief,Black,Male,Rampura,52,Male,White,Repairing Kit
1,Motor Vehicle Thief,White,Male,Rampura,39,Male,Black,Repairing Kit
2,Motor Vehicle Thief,Black,Female,Rampura,63,Male,White,Repairing Kit
4,Motor Vehicle Thief,White,Male,Rampura,42,Male,White,Repairing Kit
1,Motor Vehicle Thief,White,Female,Rampura,56,Male,White,Repairing Kit
1,Motor Vehicle Thief,Latino,Male,Rampura,42,Male,Black,Repairing Kit
1,Motor Vehicle Thief,White,Male,Rampura,32,Male,White,Repairing Kit
1,Motor Vehicle Thief,White,Male,Rampura,41,Male,Black,Repairing Kit
2,Motor Vehicle Thief,White,Male,Rampura,32,Male,Black,Repairing Kit
1,Motor Vehicle Thief,White,Male,Rampura,55,Male,White,Repairing Kit
1,Motor Vehicle Thief,White,Male,Rampura,49,Male,White,Repairing Kit
1,Motor Vehicle Thief,White,Male,Shahbag,38,Male,Latino,Repairing Kit
1,Motor Vehicle Thief,White,Female,Shahbag,52,Male,White,Repairing Kit
1,Motor Vehicle Thief,Latino,Male,Shahbag,41,Male,White,Repairing Kit
3,Motor Vehicle Thief,White,Female,Shahbag,37,Male,White,Repairing Kit
1,Motor Vehicle Thief,Black,Male,Shahbag,38,Male,White,Repairing Kit
2,Motor Vehicle Thief,Black,Male,Shahbag,33,Male,Latino,Repairing Kit
1,Motor Vehicle Thief,White,Male,Shahbag,30,Male,Black,Lock Breaking
2,Motor Vehicle Thief,Latino,Female,Shahbag,31,Male,White,Lock Breaking
1,Motor Vehicle Thief,Black,Male,Shahbag,44,Male,White,Lock Breaking
1,Motor Vehicle Thief,Latino,Male,Shahbag,41,Male,Black,Lock Breaking
1,Motor Vehicle Thief,White,Female,Shahbag,37,Male,Black,Lock Breaking
1,Motor Vehicle Thief,White,Male,Shahbag,61,Male,Latino,Lock Breaking
1,Motor Vehicle Thief,White,Female,Shahbag,38,Male,White,Lock Breaking
1,Motor Vehicle Thief,White,Male,Shahbag,39,Male,Latino,Lock Breaking
3,Motor Vehicle Thief,Black,Male,Shahbag,66,Male,Black,Lock Breaking
3,Motor Vehicle Thief,White,Female,Shahbag,65,Male,White,Lock Breaking
1,Motor Vehicle Thief,White,Female,Shahbag,46,Male,Latino,Lock Breaking
2,Motor Vehicle Thief,White,Female,Shahbag,54,Male,White,Lock Breaking
1,Motor Vehicle Thief,White,Male,Shahbag,49,Male,White,Lock Breaking
1,Motor Vehicle Thief,White,Male,Shahbag,39,Male,Latino,Lock Breaking
2,Motor Vehicle Thief,Black,Female,Shahbag,38,Male,White,Lock Breaking
1,Motor Vehicle Thief,White,Female,Shahbag,65,Male,White,Lock Breaking
1,Motor Vehicle Thief,White,Male,Shahbag,63,Male,White,Lock Breaking
1,Motor Vehicle Thief,Black,Female,Shahbag,41,Male,Latino,Lock Breaking
2,Motor Vehicle Thief,White,Female,Shahbag,52,Male,White,Lock Breaking
1,Motor Vehicle Thief,Latino,Female,Shahbag,47,Male,White,Lock Breaking
1,Motor Vehicle Thief,Black,Male,Shahbag,46,Male,White,Lock Breaking
1,Motor Vehicle Thief,White,Female,Shahbag,35,Male,White,Lock Breaking
1,Motor Vehicle Thief,White,Female,Shahbag,61,Male,Black,Lock Breaking
1,Motor Vehicle Thief,White,Female,Shahbag,47,Male,Latino,Lock Breaking
1,Motor Vehicle Thief,White,Female,Shahbag,58,Male,White,Lock Breaking
1,Motor Vehicle Thief,White,Female,Shahbag,49,Male,White,Lock Breaking
1,Motor Vehicle Thief,Black,Male,Shahbag,28,Male,Black,Lock Breaking
1,Motor Vehicle Thief,White,Female,Shahbag,63,Male,White,Lock Breaking
1,Motor Vehicle Thief,White,Male,Shahbag,29,Male,Black,Lock Breaking
1,Motor Vehicle Thief,White,Female,Shahbag,57,Male,White,Lock Breaking
4,Motor Vehicle Thief,White,Male,Shahbag,47,Male,Black,Lock Breaking
1,Motor Vehicle Thief,Black,Male,Shahbag,53,Male,White,Lock Breaking
4,Motor Vehicle Thief,White,Male,Shahbag,34,Male,White,Lock Breaking
1,Motor Vehicle Thief,White,Male,Shahbag,49,Male,White,Lock Breaking
1,Motor Vehicle Thief,Black,Male,Shahbag,49,Male,Latino,Lock Breaking
1,Motor Vehicle Thief,White,Female,Shahbag,33,Male,Black,Lock Breaking
1,Motor Vehicle Thief,White,Female,Shahbag,54,Male,Black,Lock Breaking
2,Motor Vehicle Thief,White,Male,Shahbag,51,Male,White,Lock Breaking
3,Motor Vehicle Thief,White,Male,Shahbag,40,Male,White,Lock Breaking
2,Motor Vehicle Thief,Latino,Male,Shahbag,40,Male,Black,Lock Breaking
2,Motor Vehicle Thief,Latino,Female,Shahbag,47,Male,White,Lock Breaking
1,Kidnapping,Black,Male,Shahbag,47,Male,White,Lethal Injection
1,Kidnapping,White,Male,Shahbag,44,Male,Black,Lethal Injection
1,Kidnapping,White,Male,Shahbag,50,Male,White,Lethal Injection
1,Kidnapping,White,Male,Shahbag,24,Male,White,Lethal Injection
1,Kidnapping,White,Male,Shahbag,60,Male,White,Lethal Injection
1,Kidnapping,White,Female,Shahbag,41,Male,White,Lethal Injection
1,Kidnapping,White,Female,Shahbag,56,Male,Black,Lethal Injection
1,Kidnapping,White,Male,Shahbag,33,Male,Black,Lethal Injection
1,Kidnapping,White,Female,Shahbag,38,Male,White,Lethal Injection
1,Kidnapping,White,Female,Shahbag,41,Male,Latino,Lethal Injection
2,Kidnapping,White,Female,Shahbag,46,Male,Black,Lethal Injection
2,Kidnapping,White,Male,Shahbag,38,Male,Latino,Lethal Injection
2,Kidnapping,White,Female,Shahbag,60,Male,White,Lethal Injection
9,Kidnapping,Black,Male,Shahbag,56,Male,Latino,Lethal Injection
2,Kidnapping,White,Female,Shahbag,42,Male,White,Lethal Injection
1,Kidnapping,White,Male,Shahbag,48,Male,Black,chloroform
2,Kidnapping,White,Female,Shahbag,38,Male,White,chloroform
1,Kidnapping,White,Male,Shahbag,48,Male,White,chloroform
1,Kidnapping,Latino,Female,Shahbag,42,Male,White,chloroform
1,Kidnapping,Latino,Male,Shahbag,50,Male,Black,chloroform
1,Kidnapping,Black,Female,Shahbag,59,Male,White,chloroform
1,Kidnapping,White,Female,Shahbag,40,Male,Black,chloroform
1,Kidnapping,White,Female,Shahbag,29,Male,White,chloroform
1,Kidnapping,White,Female,Shahbag,46,Male,White,chloroform
1,Kidnapping,White,Female,Shahbag,35,Male,Black,chloroform
1,Kidnapping,White,Female,Shahbag,37,Male,Black,chloroform
1,Kidnapping,White,Male,Shahbag,56,Male,White,chloroform
1,Kidnapping,White,Male,Shahbag,44,Male,Black,chloroform
1,Kidnapping,White,Female,Shahbag,58,Male,White,chloroform
2,Kidnapping,White,Male,Shahbag,36,Male,White,chloroform
1,Kidnapping,White,Female,Shahbag,39,Male,Black,chloroform
1,Kidnapping,White,Female,Shahbag,52,Female,Black,chloroform
1,Kidnapping,White,Female,Shahbag,36,Male,Latino,chloroform
2,Kidnapping,White,Male,Shahbag,41,Male,Black,chloroform
1,Kidnapping,White,Male,Shahbag,29,Male,White,chloroform
2,Kidnapping,White,Male,Shahbag,55,Male,White,chloroform
8,Kidnapping,White,Male,Shahbag,65,Male,Black,chloroform
1,Kidnapping,Latino,Female,Sutrapur,60,Male,Black,chloroform
4,Kidnapping,White,Female,Sutrapur,30,Male,Latino,chloroform
2,Kidnapping,Latino,Female,Sutrapur,61,Male,White,chloroform
1,Kidnapping,White,Female,Sutrapur,37,Male,Latino,chloroform
1,Kidnapping,Latino,Female,Sutrapur,50,Male,White,chloroform
1,Kidnapping,White,Female,Sutrapur,71,Male,White,chloroform
2,Kidnapping,White,Male,Sutrapur,43,Male,White,chloroform
1,Kidnapping,White,Male,Sutrapur,51,Male,White,chloroform
6,Kidnapping,Black,Female,Sutrapur,43,Male,White,chloroform
1,Kidnapping,White,Female,Sutrapur,40,Male,Black,chloroform
1,Kidnapping,White,Male,Sutrapur,49,Male,White,chloroform
1,Kidnapping,White,Male,Sutrapur,63,Male,White,chloroform
1,Kidnapping,White,Female,Sutrapur,43,Male,White,chloroform
2,Kidnapping,White,Male,Sutrapur,53,Male,Black,chloroform
1,Kidnapping,White,Female,Sutrapur,41,Male,White,chloroform
1,Kidnapping,White,Male,Sutrapur,48,Male,White,chloroform
1,Kidnapping,Black,Female,Sutrapur,62,Male,Black,chloroform
1,Kidnapping,White,Female,Sutrapur,38,Male,Black,chloroform
1,Kidnapping,White,Female,Sutrapur,53,Male,White,chloroform
1,Kidnapping,White,Male,Sutrapur,46,Male,Latino,chloroform
1,Kidnapping,White,Female,Sutrapur,52,Male,White,chloroform
1,Kidnapping,White,Male,Sutrapur,56,Male,Black,chloroform
1,Kidnapping,White,Female,Sutrapur,59,Female,White,chloroform
1,Kidnapping,White,Female,Sutrapur,46,Male,Latino,chloroform
1,Kidnapping,Black,Female,Sutrapur,47,Male,Black,chloroform
1,Kidnapping,Latino,Male,Sutrapur,48,Male,Black,chloroform
1,Kidnapping,White,Male,Sutrapur,33,Male,Black,chloroform
2,Kidnapping,Latino,Male,Sutrapur,55,Male,Black,chloroform
1,Kidnapping,Black,Female,Sutrapur,59,Male,White,chloroform
1,Kidnapping,White,Male,Sutrapur,29,Male,Black,chloroform
1,Kidnapping,Latino,Male,Sutrapur,49,Male,White,chloroform
1,Kidnapping,White,Female,Sutrapur,44,Male,Latino,Forcefully
3,Kidnapping,White,Male,Sutrapur,39,Male,Latino,Forcefully
1,Kidnapping,White,Male,Sutrapur,57,Male,White,Forcefully
2,Kidnapping,White,Male,Sutrapur,47,Male,White,Forcefully
1,Kidnapping,Black,Female,Sutrapur,38,Male,Black,Forcefully
1,Kidnapping,White,Male,Sutrapur,58,Male,Black,Forcefully
1,Kidnapping,White,Male,Sutrapur,63,Male,Black,Forcefully
2,Kidnapping,White,Male,Sutrapur,46,Male,Black,Forcefully
1,Kidnapping,White,Male,Sutrapur,45,Male,White,Forcefully
3,Kidnapping,White,Female,Sutrapur,54,Male,White,Forcefully
2,Kidnapping,White,Female,Sutrapur,55,Male,White,Forcefully
1,Kidnapping,White,Male,Sutrapur,43,Male,White,Forcefully
2,Kidnapping,White,Male,Sutrapur,45,Male,Black,Forcefully
2,Kidnapping,Latino,Female,Sutrapur,40,Male,Black,Forcefully
1,Kidnapping,Latino,Male,Sutrapur,38,Female,Black,Forcefully
3,Kidnapping,Black,Male,Sutrapur,32,Male,Latino,Forcefully
1,Kidnapping,White,Female,Sutrapur,43,Male,Black,Forcefully
1,Kidnapping,White,Female,Sutrapur,56,Male,Black,Forcefully
1,Kidnapping,White,Male,Sutrapur,49,Male,Black,Forcefully
1,Kidnapping,Black,Female,Sutrapur,48,Male,White,Forcefully
1,Kidnapping,White,Male,Sutrapur,66,Male,White,Forcefully
1,Kidnapping,White,Male,Sutrapur,47,Male,Black,Forcefully
1,Kidnapping,White,Male,Sutrapur,42,Male,White,Forcefully
3,Kidnapping,White,Female,Sutrapur,41,Male,Latino,Forcefully
1,Kidnapping,White,Male,Sutrapur,54,Male,Black,Forcefully
1,Kidnapping,Black,Male,Sutrapur,57,Male,Black,Forcefully
1,Kidnapping,White,Male,Sutrapur,52,Male,White,Forcefully
1,Kidnapping,White,Male,Sutrapur,47,Male,White,Forcefully
1,Kidnapping,White,Male,Sutrapur,46,Male,Latino,Forcefully
1,Kidnapping,Black,Male,Sutrapur,74,Male,White,Forcefully
2,Kidnapping,White,Female,Sutrapur,42,Male,White,Forcefully
1,Kidnapping,Latino,Female,Sutrapur,52,Male,Black,Forcefully
1,Kidnapping,White,Female,Sutrapur,34,Male,Latino,Forcefully
3,Kidnapping,White,Male,Sutrapur,32,Male,Black,Forcefully
4,Kidnapping,White,Male,Sutrapur,67,Male,White,Forcefully
2,Kidnapping,White,Female,Sutrapur,47,Male,Black,Forcefully
1,Kidnapping,Black,Male,Sutrapur,45,Male,Black,Forcefully
1,Kidnapping,Asian,Female,Sutrapur,55,Male,White,Forcefully
1,Kidnapping,White,Male,Sutrapur,27,Male,Latino,Forcefully
1,Kidnapping,White,Female,Sutrapur,50,Male,Black,Forcefully
1,Kidnapping,White,Male,Sutrapur,47,Female,White,Forcefully
2,Kidnapping,Latino,Female,Sutrapur,49,Male,Latino,Forcefully
1,Kidnapping,White,Female,Sutrapur,35,Male,Latino,Forcefully
1,Kidnapping,Latino,Male,Sutrapur,33,Male,Latino,Forcefully
4,Kidnapping,White,Female,Sutrapur,59,Male,White,Chloroform
3,Kidnapping,Black,Male,Sutrapur,36,Male,Black,Chloroform
1,Kidnapping,White,Female,Sutrapur,50,Male,White,Chloroform
1,Kidnapping,White,Male,Sutrapur,47,Male,Black,Chloroform
1,Kidnapping,Latino,Female,Sutrapur,53,Male,White,Chloroform
1,Kidnapping,White,Male,Sutrapur,43,Male,White,Chloroform
1,Kidnapping,White,Male,Sutrapur,43,Male,White,Chloroform
1,Kidnapping,White,Male,Sutrapur,35,Male,White,Chloroform
1,Kidnapping,White,Female,Sutrapur,72,Male,Black,Chloroform
1,Kidnapping,White,Male,Sutrapur,43,Male,Latino,Chloroform
1,Kidnapping,White,Male,Sutrapur,45,Male,White,Chloroform
2,Kidnapping,White,Female,Sutrapur,58,Male,White,Chloroform
1,Kidnapping,White,Female,Sutrapur,33,Male,White,Chloroform
1,Kidnapping,White,Female,Sutrapur,41,Male,White,Chloroform
1,Kidnapping,White,Female,Sutrapur,38,Male,Latino,Chloroform
1,Kidnapping,White,Male,Sutrapur,47,Male,Black,Chloroform
3,Kidnapping,White,Male,Sutrapur,37,Male,White,Chloroform
3,Kidnapping,White,Male,Sutrapur,66,Male,White,Chloroform
1,Kidnapping,White,Male,Sutrapur,60,Male,White,Chloroform
2,Kidnapping,White,Female,Sutrapur,53,Male,White,Chloroform
1,Kidnapping,White,Female,Sutrapur,63,Male,White,Chloroform
1,Kidnapping,White,Male,Sutrapur,54,Male,White,Chloroform
1,Kidnapping,White,Male,Sutrapur,50,Male,White,Chloroform
1,Kidnapping,Black,Female,Sutrapur,45,Male,White,Chloroform
2,Kidnapping,White,Male,Sutrapur,46,Male,Black,Unknown
2,Kidnapping,White,Female,Sutrapur,47,Male,White,Unknown
2,Kidnapping,Black,Female,Sutrapur,48,Male,Black,Unknown
2,Kidnapping,White,Female,Sutrapur,49,Male,White,Unknown
1,Kidnapping,White,Male,Sutrapur,50,Male,Black,Unknown
1,Kidnapping,White,Female,Sutrapur,51,Male,White,Unknown
1,Kidnapping,White,Female,Sutrapur,52,Male,Black,Unknown
6,Motor Vehicle Thief,Black,Female,Sutrapur,53,Male,White,Unknown
6,Motor Vehicle Thief,White,Male,Sutrapur,54,Male,Black,Unknown
6,Motor Vehicle Thief,White,Female,Sutrapur,55,Male,White,Unknown
6,Motor Vehicle Thief,White,Female,Sutrapur,56,Male,White,Unknown
6,Motor Vehicle Thief,White,Female,Sutrapur,57,Male,White,Unknown
4,Motor Vehicle Thief,White,Female,Sutrapur,58,Male,White,Unknown
4,Motor Vehicle Thief,White,Male,Sutrapur,59,Male,White,Unknown
4,Motor Vehicle Thief,White,Male,Sutrapur,60,Male,White,Unknown
4,Kidnapping,White,Female,Sutrapur,61,Male,White,Unknown
4,Kidnapping,White,Female,Sutrapur,62,Male,White,Unknown
4,Kidnapping,White,Male,Sutrapur,63,Male,Black,Unknown
4,Kidnapping,White,Female,Sutrapur,64,Male,Black,Unknown
3,Kidnapping,White,Male,Sutrapur,65,Male,Black,Unknown
3,Kidnapping,Black,Male,Sutrapur,66,Male,Black,Unknown
3,Kidnapping,White,Female,Sutrapur,67,Male,Black,Unknown
3,Kidnapping,Latino,Male,Sutrapur,68,Male,White,Unknown
3,Kidnapping,White,Male,Sutrapur,69,Male,White,Unknown
3,Kidnapping,White,Female,Sutrapur,70,Male,White,Unknown
3,Kidnapping,White,Male,Sutrapur,71,Male,White,Unknown
3,Kidnapping,White,Male,Sutrapur,72,Male,White,Unknown
